date,eur,log,diff,lag7
2023-09-22 00:00:00+00:00,5.26298,1.660697406250418,,
2023-09-23 00:00:00+00:00,5.25681,1.6595243788976877,-0.00617,
2023-09-25 00:00:00+00:00,5.25521,1.659219965471466,-0.0015999999999998,
2023-09-26 00:00:00+00:00,5.2647,1.6610241639055336,0.0094900000000004,
2023-09-27 00:00:00+00:00,5.27102,1.6622238922122952,0.0063199999999996,
2023-09-28 00:00:00+00:00,5.29944,1.6676011545982667,0.0284199999999996,
2023-09-29 00:00:00+00:00,5.31754,1.6710107903958855,0.0181000000000004,
2023-09-30 00:00:00+00:00,5.32372,1.6721723071137924,0.0061799999999996,1.660697406250418
2023-10-02 00:00:00+00:00,5.31583,1.6706891614081345,-0.0078899999999997,1.6595243788976877
2023-10-03 00:00:00+00:00,5.30676,1.6689814795331597,-0.0090700000000003,1.659219965471466
2023-10-04 00:00:00+00:00,5.41007,1.6882620317765304,0.1033100000000004,1.6610241639055336
2023-10-05 00:00:00+00:00,5.41688,1.6895200039474678,0.0068099999999997,1.6622238922122952
2023-10-06 00:00:00+00:00,5.44891,1.6954155886724855,0.0320299999999997,1.6676011545982667
2023-10-07 00:00:00+00:00,5.44671,1.6950117566684515,-0.0021999999999993,1.6710107903958855
2023-10-09 00:00:00+00:00,5.43905,1.6936044132649053,-0.0076600000000004,1.6721723071137924
2023-10-10 00:00:00+00:00,5.43417,1.6927067950197747,-0.0048799999999999,1.6706891614081345
2023-10-11 00:00:00+00:00,5.35698,1.6784003834589625,-0.0771899999999998,1.6689814795331597
2023-10-12 00:00:00+00:00,5.36523,1.6799392456204136,0.0082500000000003,1.6882620317765304
2023-10-13 00:00:00+00:00,5.31805,1.671106694807468,-0.04718,1.6895200039474678
2023-10-14 00:00:00+00:00,5.33695,1.674654328748807,0.0188999999999994,1.6954155886724855
2023-10-16 00:00:00+00:00,5.3464,1.6764234372147233,0.0094500000000001,1.6950117566684515
2023-10-17 00:00:00+00:00,5.31841,1.6711743865019109,-0.0279899999999999,1.6936044132649053
2023-10-18 00:00:00+00:00,5.32736,1.6728558059029683,0.0089499999999995,1.6927067950197747
2023-10-19 00:00:00+00:00,5.33202,1.673730153247162,0.0046600000000003,1.6784003834589625
2023-10-20 00:00:00+00:00,5.36165,1.6792717635318817,0.02963,1.6799392456204136
2023-10-21 00:00:00+00:00,5.3335,1.6740076830834003,-0.0281500000000001,1.671106694807468
2023-10-23 00:00:00+00:00,5.32974,1.6733024565001415,-0.0037599999999997,1.674654328748807
2023-10-24 00:00:00+00:00,5.3502,1.6771339433867518,0.0204599999999999,1.6764234372147233
2023-10-25 00:00:00+00:00,5.28992,1.6658031228825103,-0.0602799999999996,1.6711743865019109
2023-10-26 00:00:00+00:00,5.27948,1.6638276080197345,-0.01044,1.6728558059029683
2023-10-27 00:00:00+00:00,5.268,1.6616507838810346,-0.0114800000000006,1.673730153247162
2023-10-28 00:00:00+00:00,5.2988,1.6674803798279694,0.0308000000000001,1.6792717635318817
2023-10-30 00:00:00+00:00,5.29711,1.6671613888183572,-0.0016899999999999,1.6740076830834003
2023-10-31 00:00:00+00:00,5.35742,1.6784825159162624,0.0603100000000003,1.6733024565001415
2023-11-01 00:00:00+00:00,5.32651,1.672696239472779,-0.0309100000000004,1.6771339433867518
2023-11-02 00:00:00+00:00,5.24467,1.6572123228050286,-0.0818399999999996,1.6658031228825103
2023-11-03 00:00:00+00:00,5.25929,1.6599960366502715,0.0146199999999998,1.6638276080197345
2023-11-04 00:00:00+00:00,5.26054,1.6602336830772355,0.0012499999999997,1.6616507838810346
2023-11-06 00:00:00+00:00,5.25997,1.6601253233113007,-0.0005699999999997,1.6674803798279694
2023-11-07 00:00:00+00:00,5.23704,1.6557564532288462,-0.0229299999999996,1.6671613888183572
2023-11-08 00:00:00+00:00,5.21205,1.6509732524629384,-0.0249900000000007,1.6784825159162624
2023-11-09 00:00:00+00:00,5.25947,1.660030261216669,0.0474200000000006,1.672696239472779
2023-11-10 00:00:00+00:00,5.26358,1.6608114036058028,0.0041099999999998,1.6572123228050286
2023-11-11 00:00:00+00:00,5.23703,1.6557545437514414,-0.0265500000000002,1.6599960366502715
2023-11-13 00:00:00+00:00,5.24046,1.6564092807395046,0.0034299999999998,1.6602336830772355
2023-11-14 00:00:00+00:00,5.25249,1.6587022498798991,0.0120300000000002,1.6601253233113007
2023-11-15 00:00:00+00:00,5.29361,1.6665004327875268,0.0411200000000002,1.6557564532288462
2023-11-16 00:00:00+00:00,5.27738,1.6634297624429812,-0.0162300000000001,1.6509732524629384
2023-11-17 00:00:00+00:00,5.27871,1.663681749685803,0.0013300000000002,1.660030261216669
2023-11-18 00:00:00+00:00,5.35435,1.677909314646247,0.0756399999999999,1.6608114036058028
2023-11-20 00:00:00+00:00,5.35141,1.6773600775862143,-0.0029400000000006,1.6557545437514414
2023-11-21 00:00:00+00:00,5.31358,1.6702658077067334,-0.0378299999999995,1.6564092807395046
2023-11-22 00:00:00+00:00,5.35053,1.677195621421821,0.03695,1.6587022498798991
2023-11-23 00:00:00+00:00,5.34296,1.6757798065167666,-0.0075700000000002,1.6665004327875268
2023-11-24 00:00:00+00:00,5.348,1.6767226592396969,0.0050400000000001,1.6634297624429812
2023-11-25 00:00:00+00:00,5.36492,1.6798814645082971,0.0169199999999998,1.663681749685803
2023-11-27 00:00:00+00:00,5.36443,1.6797901262631398,-0.0004900000000001,1.677909314646247
2023-11-28 00:00:00+00:00,5.36602,1.6800864791675636,0.0015900000000002,1.6773600775862143
2023-11-29 00:00:00+00:00,5.35991,1.6789471838969634,-0.0061099999999996,1.6702658077067334
2023-11-30 00:00:00+00:00,5.3836,1.6833572953774236,0.0236900000000002,1.677195621421821
2023-12-01 00:00:00+00:00,5.35995,1.6789546466809924,-0.0236499999999999,1.6757798065167666
2023-12-02 00:00:00+00:00,5.31188,1.669945821557521,-0.04807,1.6767226592396969
2023-12-04 00:00:00+00:00,5.31286,1.6701302966604936,0.0009799999999993,1.6798814645082971
2023-12-05 00:00:00+00:00,5.35879,1.6787382033295295,0.0459300000000002,1.6797901262631398
2023-12-06 00:00:00+00:00,5.31979,1.6714338288902362,-0.0389999999999997,1.6800864791675636
2023-12-07 00:00:00+00:00,5.27863,1.6636665943531146,-0.0411600000000005,1.6789471838969634
2023-12-08 00:00:00+00:00,5.29975,1.6676596496342249,0.0211200000000006,1.6833572953774236
2023-12-09 00:00:00+00:00,5.30853,1.6693149607694526,0.0087799999999997,1.6789546466809924
2023-12-11 00:00:00+00:00,5.3037,1.66840469019795,-0.0048300000000001,1.669945821557521
2023-12-12 00:00:00+00:00,5.31694,1.6708979498995684,0.0132399999999996,1.6701302966604936
2023-12-13 00:00:00+00:00,5.36311,1.679544030698516,0.04617,1.6787382033295295
2023-12-14 00:00:00+00:00,5.35438,1.6779149175515402,-0.0087299999999999,1.6714338288902362
2023-12-15 00:00:00+00:00,5.40465,1.6872596941378712,0.0502700000000002,1.6636665943531146
2023-12-16 00:00:00+00:00,5.37984,1.682658633954505,-0.0248100000000004,1.6676596496342249
2023-12-18 00:00:00+00:00,5.38412,1.6834538803555628,0.0042800000000005,1.6693149607694526
2023-12-19 00:00:00+00:00,5.34989,1.677075999948877,-0.0342299999999999,1.66840469019795
2023-12-20 00:00:00+00:00,5.34399,1.6759725649751087,-0.0059000000000004,1.6708979498995684
2023-12-21 00:00:00+00:00,5.37824,1.6823611831060643,0.0342500000000001,1.679544030698516
2023-12-22 00:00:00+00:00,5.37249,1.6812914882019447,-0.0057499999999999,1.6779149175515402
2023-12-23 00:00:00+00:00,5.35342,1.6777356090096227,-0.0190700000000001,1.6872596941378712
2023-12-25 00:00:00+00:00,5.35512,1.6780531126122205,0.0017000000000004,1.682658633954505
2023-12-26 00:00:00+00:00,5.35658,1.6783257117344963,0.0014599999999997,1.6834538803555628
2023-12-27 00:00:00+00:00,5.32422,1.6722662219931717,-0.0323599999999997,1.677075999948877
2023-12-28 00:00:00+00:00,5.3685,1.6805485398920532,0.0442799999999996,1.6759725649751087
2023-12-29 00:00:00+00:00,5.37576,1.6818999593671835,0.0072599999999996,1.6823611831060643
2023-12-30 00:00:00+00:00,5.36095,1.6791411981837392,-0.0148099999999997,1.6812914882019447
2024-01-01 00:00:00+00:00,5.36168,1.6792773588087218,0.0007299999999998,1.6777356090096227
2024-01-02 00:00:00+00:00,5.36095,1.6791411981837392,-0.0007299999999998,1.6780531126122205
2024-01-03 00:00:00+00:00,5.38002,1.6826920916389023,0.0190700000000001,1.6783257117344963
2024-01-04 00:00:00+00:00,5.37431,1.6816301936803009,-0.0057099999999996,1.6722662219931717
2024-01-05 00:00:00+00:00,5.36529,1.679950428675848,-0.0090200000000004,1.6805485398920532
2024-01-06 00:00:00+00:00,5.33521,1.6743282466781826,-0.0300799999999998,1.6818999593671835
2024-01-08 00:00:00+00:00,5.33497,1.6742832614951697,-0.0002399999999997,1.6791411981837392
2024-01-09 00:00:00+00:00,5.33679,1.6746243486293713,0.0018199999999994,1.6792773588087218
2024-01-10 00:00:00+00:00,5.36431,1.6797677564415197,0.0275199999999999,1.6791411981837392
2024-01-11 00:00:00+00:00,5.36977,1.6807850770634822,0.0054600000000002,1.6826920916389023
2024-01-12 00:00:00+00:00,5.34925,1.6769563641649232,-0.0205200000000003,1.6816301936803009
2024-01-13 00:00:00+00:00,5.31581,1.6706853990535024,-0.0334399999999996,1.679950428675848
2024-01-15 00:00:00+00:00,5.3129,1.6701378255337225,-0.0029099999999999,1.6743282466781826
2024-01-16 00:00:00+00:00,5.32334,1.67210092590618,0.01044,1.6742832614951697
2024-01-17 00:00:00+00:00,5.35929,1.6788315036221868,0.0359499999999997,1.6746243486293713
2024-01-18 00:00:00+00:00,5.37254,1.6813007948302183,0.0132500000000002,1.6797677564415197
2024-01-19 00:00:00+00:00,5.36199,1.679335174836273,-0.0105500000000002,1.6807850770634822
2024-01-20 00:00:00+00:00,5.3741,1.681591118133308,0.0121100000000007,1.6769563641649232
2024-01-22 00:00:00+00:00,5.36921,1.6806807841044662,-0.0048900000000005,1.6706853990535024
2024-01-23 00:00:00+00:00,5.42782,1.6915375800373629,0.0586099999999998,1.6701378255337225
2024-01-24 00:00:00+00:00,5.37886,1.682476455809802,-0.0489599999999992,1.67210092590618
2024-01-25 00:00:00+00:00,5.36893,1.6806286335457914,-0.0099300000000006,1.6788315036221868
2024-01-26 00:00:00+00:00,5.33309,1.6739308075308197,-0.0358399999999994,1.6813007948302183
2024-01-27 00:00:00+00:00,5.33634,1.6745400247243376,0.0032499999999995,1.679335174836273
2024-01-29 00:00:00+00:00,5.33039,1.6734244062326131,-0.0059499999999994,1.681591118133308
2024-01-30 00:00:00+00:00,5.36464,1.6798292722469068,0.0342499999999992,1.6806807841044662
2024-01-31 00:00:00+00:00,5.36948,1.6807310695676012,0.0048400000000006,1.6915375800373629
2024-02-01 00:00:00+00:00,5.35151,1.6773787640755096,-0.01797,1.682476455809802
2024-02-02 00:00:00+00:00,5.34634,1.6764122146468874,-0.0051700000000005,1.6806286335457914
2024-02-03 00:00:00+00:00,5.36106,1.6791617167245734,0.0147200000000005,1.6739308075308197
2024-02-05 00:00:00+00:00,5.35014,1.6771227287898325,-0.0109200000000004,1.6745400247243376
2024-02-06 00:00:00+00:00,5.34884,1.6768797149686272,-0.0012999999999996,1.6734244062326131
2024-02-07 00:00:00+00:00,5.33963,1.675156362182039,-0.0092100000000003,1.6798292722469068
2024-02-08 00:00:00+00:00,5.35672,1.678351847472319,0.0170900000000004,1.6807310695676012
2024-02-09 00:00:00+00:00,5.3811,1.682892814240941,0.0243799999999998,1.6773787640755096
2024-02-10 00:00:00+00:00,5.34081,1.675377326862296,-0.0402899999999997,1.6764122146468874
2024-02-12 00:00:00+00:00,5.34725,1.6765824100634308,0.0064399999999995,1.6791617167245734
2024-02-13 00:00:00+00:00,5.33462,1.6742176544755698,-0.0126299999999996,1.6771227287898325
2024-02-14 00:00:00+00:00,5.30317,1.6683047549672096,-0.0314500000000004,1.6768797149686272
2024-02-15 00:00:00+00:00,5.33457,1.6742082816928188,0.0314000000000005,1.675156362182039
2024-02-16 00:00:00+00:00,5.35803,1.6785963702108857,0.02346,1.678351847472319
2024-02-17 00:00:00+00:00,5.35294,1.67764594268039,-0.00509,1.682892814240941
2024-02-19 00:00:00+00:00,5.35733,1.6784657166442305,0.0043899999999998,1.675377326862296
2024-02-20 00:00:00+00:00,5.34185,1.675572034922514,-0.0154800000000001,1.6765824100634308
2024-02-21 00:00:00+00:00,5.32731,1.6728464203471511,-0.0145400000000002,1.6742176544755698
2024-02-22 00:00:00+00:00,5.34165,1.6755345940089514,0.0143399999999997,1.6683047549672096
2024-02-23 00:00:00+00:00,5.37389,1.6815520410593572,0.0322400000000007,1.6742082816928188
2024-02-24 00:00:00+00:00,5.40574,1.6874613519880863,0.0318499999999994,1.6785963702108857
2024-02-26 00:00:00+00:00,5.40407,1.687152373381934,-0.0016699999999998,1.67764594268039
2024-02-27 00:00:00+00:00,5.40382,1.687106110882955,-0.0002500000000003,1.6784657166442305
2024-02-28 00:00:00+00:00,5.34909,1.6769264529824386,-0.0547299999999992,1.675572034922514
2024-02-29 00:00:00+00:00,5.385,1.6836173106083518,0.0359099999999994,1.6728464203471511
2024-03-01 00:00:00+00:00,5.37174,1.6811518783832389,-0.0132599999999998,1.6755345940089514
2024-03-02 00:00:00+00:00,5.37076,1.6809694255086345,-0.0009800000000002,1.6815520410593572
2024-03-04 00:00:00+00:00,5.37142,1.6810923055945814,0.0006599999999998,1.6874613519880863
2024-03-05 00:00:00+00:00,5.36896,1.680634221235738,-0.0024599999999992,1.687152373381934
2024-03-06 00:00:00+00:00,5.38306,1.683256985717705,0.0141,1.687106110882955
2024-03-07 00:00:00+00:00,5.38931,1.684417361884006,0.0062499999999996,1.6769264529824386
2024-03-08 00:00:00+00:00,5.40429,1.6871930826107215,0.0149799999999995,1.6836173106083518
2024-03-09 00:00:00+00:00,5.4485,1.6953403414348038,0.0442100000000005,1.6811518783832389
2024-03-11 00:00:00+00:00,5.45175,1.6959366580507174,0.0032499999999995,1.6809694255086345
2024-03-12 00:00:00+00:00,5.44251,1.6942403515157825,-0.0092399999999992,1.6810923055945814
2024-03-13 00:00:00+00:00,5.43083,1.6920919767767542,-0.0116800000000001,1.680634221235738
2024-03-14 00:00:00+00:00,5.44474,1.6946500050152769,0.01391,1.683256985717705
2024-03-15 00:00:00+00:00,5.43551,1.6929533524173777,-0.0092300000000005,1.684417361884006
2024-03-16 00:00:00+00:00,5.43918,1.6936283142120274,0.0036700000000005,1.6871930826107215
2024-03-18 00:00:00+00:00,5.43468,1.692800641194922,-0.0045000000000001,1.6953403414348038
2024-03-19 00:00:00+00:00,5.47019,1.6993133507483795,0.0355099999999994,1.6959366580507174
2024-03-20 00:00:00+00:00,5.46522,1.6984043769939072,-0.0049699999999992,1.6942403515157825
2024-03-21 00:00:00+00:00,5.43282,1.6924583361536223,-0.0323999999999999,1.6920919767767542
2024-03-22 00:00:00+00:00,5.40482,1.687291148038944,-0.0280000000000004,1.6946500050152769
2024-03-23 00:00:00+00:00,5.40532,1.6873836537789908,0.0004999999999997,1.6929533524173777
2024-03-25 00:00:00+00:00,5.40604,1.6875168470129716,0.0007200000000002,1.6936283142120274
2024-03-26 00:00:00+00:00,5.39,1.6845453849209058,-0.0160400000000002,1.692800641194922
2024-03-27 00:00:00+00:00,5.39155,1.6848329131539852,0.0015499999999999,1.6993133507483795
2024-03-28 00:00:00+00:00,5.39798,1.686024809512995,0.0064299999999999,1.6984043769939072
2024-03-29 00:00:00+00:00,5.41221,1.6886575122164915,0.0142300000000004,1.6924583361536223
2024-03-30 00:00:00+00:00,5.41221,1.6886575122164915,0.0,1.687291148038944
2024-04-01 00:00:00+00:00,5.41238,1.6886889221821373,0.0001699999999997,1.6873836537789908
2024-04-02 00:00:00+00:00,5.42766,1.6915081018383311,0.0152800000000006,1.6875168470129716
2024-04-03 00:00:00+00:00,5.45539,1.69660411077162,0.02773,1.6845453849209058
2024-04-04 00:00:00+00:00,5.463,1.6979980894135809,0.0076099999999996,1.6848329131539852
2024-04-05 00:00:00+00:00,5.48166,1.701407974797042,0.0186599999999996,1.686024809512995
2024-04-06 00:00:00+00:00,5.49051,1.70302114738172,0.0088499999999998,1.6886575122164915
2024-04-08 00:00:00+00:00,5.47583,1.7003438623862386,-0.0146799999999993,1.6886575122164915
2024-04-09 00:00:00+00:00,5.45859,1.6971905146484274,-0.0172400000000001,1.6886889221821373
2024-04-10 00:00:00+00:00,5.43913,1.6936191216076613,-0.0194600000000004,1.6915081018383311
2024-04-11 00:00:00+00:00,5.44315,1.6943579374041415,0.0040200000000005,1.69660411077162
2024-04-12 00:00:00+00:00,5.46188,1.6977930528358014,0.0187299999999996,1.6979980894135809
2024-04-13 00:00:00+00:00,5.44628,1.6949328068116676,-0.0156,1.701407974797042
2024-04-15 00:00:00+00:00,5.44918,1.6954651386395083,0.0029000000000003,1.70302114738172
2024-04-16 00:00:00+00:00,5.50896,1.7063758576183308,0.0597799999999999,1.7003438623862386
2024-04-17 00:00:00+00:00,5.61495,1.725432683431258,0.1059900000000002,1.6971905146484274
2024-04-18 00:00:00+00:00,5.58336,1.7197907457109631,-0.0315900000000004,1.6936191216076613
2024-04-19 00:00:00+00:00,5.57965,1.7191260504116497,-0.0037099999999998,1.6943579374041415
2024-04-20 00:00:00+00:00,5.54356,1.7126368936586625,-0.0360899999999997,1.6977930528358014
2024-04-22 00:00:00+00:00,5.54472,1.712846123585077,0.0011599999999996,1.6949328068116676
2024-04-23 00:00:00+00:00,5.50445,1.7055568560099108,-0.0402699999999995,1.6954651386395083
2024-04-24 00:00:00+00:00,5.49268,1.7034162967014053,-0.0117700000000002,1.7063758576183308
2024-04-25 00:00:00+00:00,5.50714,1.706045432147146,0.0144599999999996,1.725432683431258
2024-04-26 00:00:00+00:00,5.53455,1.7110102620425018,0.0274100000000006,1.7197907457109631
2024-04-27 00:00:00+00:00,5.47118,1.6994943152898772,-0.0633699999999999,1.7191260504116497
2024-04-29 00:00:00+00:00,5.4784,1.7008130875252312,0.0072199999999993,1.7126368936586625
2024-04-30 00:00:00+00:00,5.48447,1.7019204618934929,0.0060700000000002,1.712846123585077
2024-05-01 00:00:00+00:00,5.54109,1.712191232308799,0.0566199999999996,1.7055568560099108
2024-05-02 00:00:00+00:00,5.56759,1.7169622852634534,0.0265000000000004,1.7034162967014053
2024-05-03 00:00:00+00:00,5.48485,1.7019897460424012,-0.0827400000000002,1.706045432147146
2024-05-04 00:00:00+00:00,5.45928,1.6973169129295789,-0.02557,1.7110102620425018
2024-05-06 00:00:00+00:00,5.47301,1.6998287393115827,0.0137300000000006,1.6994943152898772
2024-05-07 00:00:00+00:00,5.46601,1.698548916995604,-0.0070000000000005,1.7008130875252312
2024-05-08 00:00:00+00:00,5.45541,1.6966077768639325,-0.0106000000000001,1.7019204618934929
2024-05-09 00:00:00+00:00,5.46975,1.699232911550315,0.0143400000000006,1.712191232308799
2024-05-10 00:00:00+00:00,5.54422,1.7127559436399535,0.0744699999999998,1.7169622852634534
2024-05-11 00:00:00+00:00,5.55548,1.714784827999446,0.01126,1.7019897460424012
2024-05-13 00:00:00+00:00,5.54966,1.7137366646205343,-0.0058199999999999,1.6973169129295789
2024-05-14 00:00:00+00:00,5.56403,1.716322665851118,0.0143699999999995,1.6998287393115827
2024-05-15 00:00:00+00:00,5.54693,1.7132446215595434,-0.0171000000000001,1.698548916995604
2024-05-16 00:00:00+00:00,5.59232,1.7213942279008243,0.0453900000000002,1.6966077768639325
2024-05-17 00:00:00+00:00,5.57486,1.7182672049232448,-0.0174599999999998,1.699232911550315
2024-05-18 00:00:00+00:00,5.54828,1.7134879698164331,-0.02658,1.7127559436399535
2024-05-20 00:00:00+00:00,5.54796,1.713430292621259,-0.0003200000000003,1.714784827999446
2024-05-21 00:00:00+00:00,5.54385,1.7126892052445182,-0.0041099999999998,1.7137366646205343
2024-05-22 00:00:00+00:00,5.56076,1.7157347895686577,0.0169100000000002,1.716322665851118
2024-05-23 00:00:00+00:00,5.57795,1.718821325378819,0.0171900000000002,1.7132446215595434
2024-05-24 00:00:00+00:00,5.56265,1.7160746134209095,-0.0153000000000007,1.7213942279008243
2024-05-25 00:00:00+00:00,5.60599,1.7238356689379375,0.0433400000000006,1.7182672049232448
2024-05-27 00:00:00+00:00,5.59163,1.721270836791087,-0.0143599999999999,1.7134879698164331
2024-05-28 00:00:00+00:00,5.61887,1.7261305760731382,0.0272399999999999,1.713430292621259
2024-05-29 00:00:00+00:00,5.60182,1.7230915449400437,-0.0170500000000002,1.7126892052445182
2024-05-30 00:00:00+00:00,5.62106,1.726520258220218,0.0192399999999999,1.7157347895686577
2024-05-31 00:00:00+00:00,5.63667,1.72929346560826,0.0156099999999996,1.718821325378819
2024-06-01 00:00:00+00:00,5.69176,1.7390195148973395,0.0550900000000007,1.7160746134209095
2024-06-03 00:00:00+00:00,5.69333,1.7392953142120489,0.0015699999999991,1.7238356689379375
2024-06-04 00:00:00+00:00,5.72661,1.7451237326120337,0.0332800000000004,1.721270836791087
2024-06-05 00:00:00+00:00,5.75588,1.750221940996823,0.0292700000000003,1.7261305760731382
2024-06-06 00:00:00+00:00,5.76555,1.7519005524661675,0.0096699999999998,1.7230915449400437
2024-06-07 00:00:00+00:00,5.72713,1.7452145326477173,-0.0384200000000003,1.726520258220218
2024-06-08 00:00:00+00:00,5.77399,1.7533633493376155,0.0468600000000005,1.72929346560826
2024-06-10 00:00:00+00:00,5.73826,1.7471560284880026,-0.03573,1.7390195148973395
2024-06-11 00:00:00+00:00,5.76359,1.7515605444484172,0.0253299999999994,1.7392953142120489
2024-06-12 00:00:00+00:00,5.76351,1.751546664114248,-7.999999999963592e-05,1.7451237326120337
2024-06-13 00:00:00+00:00,5.84124,1.7649431030686966,0.0777299999999998,1.750221940996823
2024-06-14 00:00:00+00:00,5.75863,1.7506995991954413,-0.0826099999999998,1.7519005524661675
2024-06-15 00:00:00+00:00,5.75468,1.7500134368051332,-0.0039500000000005,1.7452145326477173
2024-06-17 00:00:00+00:00,5.73488,1.7465668262124645,-0.0197999999999991,1.7533633493376155
2024-06-18 00:00:00+00:00,5.8272,1.7625366105511515,0.0923199999999999,1.7471560284880026
2024-06-19 00:00:00+00:00,5.84411,1.765434316435469,0.0169099999999993,1.7515605444484172
2024-06-20 00:00:00+00:00,5.82923,1.7628849161679698,-0.0148799999999997,1.751546664114248
2024-06-21 00:00:00+00:00,5.83884,1.764532146973571,0.0096100000000003,1.7649431030686966
2024-06-22 00:00:00+00:00,5.80849,1.7593206403550357,-0.0303500000000003,1.7506995991954413
2024-06-24 00:00:00+00:00,5.80422,1.7585852391967465,-0.0042699999999999,1.7500134368051332
2024-06-25 00:00:00+00:00,5.78578,1.7554031830173695,-0.01844,1.7465668262124645
2024-06-26 00:00:00+00:00,5.83903,1.7645646871542748,0.0532500000000002,1.7625366105511515
2024-06-27 00:00:00+00:00,5.89968,1.7748981121526433,0.0606499999999998,1.765434316435469
2024-06-28 00:00:00+00:00,5.89095,1.7734172749801904,-0.0087299999999999,1.7628849161679698
2024-06-29 00:00:00+00:00,5.99308,1.7906054702940106,0.1021299999999998,1.764532146973571
2024-07-01 00:00:00+00:00,6.00382,1.7923959333084816,0.0107400000000001,1.7593206403550357
2024-07-02 00:00:00+00:00,6.07372,1.803971267437858,0.0698999999999996,1.7585852391967465
2024-07-03 00:00:00+00:00,6.1016,1.808551031867892,0.0278800000000005,1.7554031830173695
2024-07-04 00:00:00+00:00,5.99754,1.791349385155074,-0.1040600000000004,1.7645646871542748
2024-07-05 00:00:00+00:00,5.93378,1.7806614466953414,-0.0637600000000002,1.7748981121526433
2024-07-06 00:00:00+00:00,5.9182,1.7780323486080545,-0.0155799999999999,1.7734172749801904
2024-07-08 00:00:00+00:00,5.92816,1.7797138781828536,0.0099600000000004,1.7906054702940106
2024-07-09 00:00:00+00:00,5.92689,1.7794996234973215,-0.0012699999999998,1.7923959333084816
2024-07-10 00:00:00+00:00,5.86092,1.7683065878532775,-0.06597,1.803971267437858
2024-07-11 00:00:00+00:00,5.86764,1.7694525087055144,0.0067199999999996,1.808551031867892
2024-07-12 00:00:00+00:00,5.91453,1.7774120352707805,0.0468900000000003,1.791349385155074
2024-07-13 00:00:00+00:00,5.92157,1.7786016164385965,0.0070399999999999,1.7806614466953414
2024-07-15 00:00:00+00:00,5.9081,1.776324290727647,-0.0134699999999998,1.7780323486080545
2024-07-16 00:00:00+00:00,5.93756,1.7812982745728598,0.0294600000000002,1.7797138781828536
2024-07-17 00:00:00+00:00,5.91559,1.7775912388634467,-0.0219700000000004,1.7794996234973215
2024-07-18 00:00:00+00:00,6.00612,1.7927789493815207,0.0905300000000002,1.7683065878532775
2024-07-19 00:00:00+00:00,6.04372,1.7990197164015636,0.0376000000000003,1.7694525087055144
2024-07-20 00:00:00+00:00,6.09247,1.8070535824181089,0.0487499999999991,1.7774120352707805
2024-07-22 00:00:00+00:00,6.07924,1.8048796881649245,-0.0132299999999991,1.7786016164385965
2024-07-23 00:00:00+00:00,6.06757,1.8029581954288727,-0.0116700000000005,1.776324290727647
2024-07-24 00:00:00+00:00,6.06107,1.8018863521517547,-0.0064999999999999,1.7812982745728598
2024-07-25 00:00:00+00:00,6.129,1.8130316045035944,0.0679299999999996,1.7775912388634467
2024-07-26 00:00:00+00:00,6.12578,1.8125060952616328,-0.0032199999999997,1.7927789493815207
2024-07-27 00:00:00+00:00,6.14048,1.8149029149992404,0.0147000000000003,1.7990197164015636
2024-07-29 00:00:00+00:00,6.13933,1.8147156156838011,-0.0011499999999999,1.8070535824181089
2024-07-30 00:00:00+00:00,6.07577,1.8043087301658332,-0.0635599999999998,1.8048796881649245
2024-07-31 00:00:00+00:00,6.07009,1.8033734319796095,-0.0056799999999999,1.8029581954288727
2024-08-01 00:00:00+00:00,6.12433,1.812269362692412,0.0542399999999991,1.8018863521517547
2024-08-02 00:00:00+00:00,6.20364,1.8251362165513527,0.0793100000000004,1.8130316045035944
2024-08-03 00:00:00+00:00,6.24959,1.832515861596536,0.0459500000000003,1.8125060952616328
2024-08-05 00:00:00+00:00,6.24986,1.8325590634974265,0.0002699999999995,1.8149029149992404
2024-08-06 00:00:00+00:00,6.26714,1.835320110230296,0.0172800000000004,1.8147156156838011
2024-08-07 00:00:00+00:00,6.18085,1.821455802464853,-0.0862899999999999,1.8043087301658332
2024-08-08 00:00:00+00:00,6.16044,1.8181482035659584,-0.02041,1.8033734319796095
2024-08-09 00:00:00+00:00,6.05421,1.8007538978076314,-0.10623,1.812269362692412
2024-08-10 00:00:00+00:00,6.01357,1.794018582176381,-0.0406400000000006,1.8251362165513527
2024-08-12 00:00:00+00:00,6.00946,1.7933348942607568,-0.0041099999999998,1.832515861596536
2024-08-13 00:00:00+00:00,6.00753,1.793013682373821,-0.0019299999999997,1.8325590634974265
2024-08-14 00:00:00+00:00,6.00123,1.7919644482184265,-0.0063000000000004,1.835320110230296
2024-08-15 00:00:00+00:00,6.02379,1.7957166293321802,0.0225600000000003,1.821455802464853
2024-08-16 00:00:00+00:00,6.01984,1.7950606808944367,-0.0039499999999996,1.8181482035659584
2024-08-17 00:00:00+00:00,6.03375,1.7973687079925658,0.01391,1.8007538978076314
2024-08-19 00:00:00+00:00,6.03283,1.7972162207092122,-0.0009200000000006,1.794018582176381
2024-08-20 00:00:00+00:00,5.99326,1.7906355044829312,-0.0395699999999994,1.7933348942607568
2024-08-21 00:00:00+00:00,6.09742,1.8078657308906672,0.1041599999999993,1.793013682373821
2024-08-22 00:00:00+00:00,6.11707,1.811083223713016,0.0196500000000003,1.7919644482184265
2024-08-23 00:00:00+00:00,6.21662,1.8272263506911264,0.0995499999999998,1.7957166293321802
2024-08-24 00:00:00+00:00,6.14015,1.814849171828071,-0.0764699999999996,1.7950606808944367
2024-08-26 00:00:00+00:00,6.17185,1.8199986309003349,0.0316999999999998,1.7973687079925658
2024-08-27 00:00:00+00:00,6.13746,1.814410975787792,-0.0343900000000001,1.7972162207092122
2024-08-28 00:00:00+00:00,6.15709,1.8176042633307647,0.0196300000000002,1.7906355044829312
2024-08-29 00:00:00+00:00,6.189,1.8227735227572244,0.0319099999999998,1.8078657308906672
2024-08-30 00:00:00+00:00,6.23704,1.8305057108631668,0.0480400000000003,1.811083223713016
2024-08-31 00:00:00+00:00,6.19339,1.823482594298976,-0.0436500000000004,1.8272263506911264
2024-09-02 00:00:00+00:00,6.19807,1.824237953267576,0.0046800000000004,1.814849171828071
2024-09-03 00:00:00+00:00,6.21623,1.8271636136678169,0.0181599999999999,1.8199986309003349
