date,usd,log,diff,eur
2023-09-22 00:00:00+00:00,4.9369,1.596737603855868,,1.660697406250418
2023-09-23 00:00:00+00:00,4.9369,1.596737603855868,0.0,1.6595243788976877
2023-09-25 00:00:00+00:00,4.9354,1.5964337232988464,-0.0015,1.659219965471466
2023-09-26 00:00:00+00:00,4.97045,1.603510379269301,0.03505,1.6610241639055336
2023-09-27 00:00:00+00:00,4.98725,1.6068846556463832,0.0168000000000008,1.6622238922122952
2023-09-28 00:00:00+00:00,5.0442,1.618239068387169,0.0569499999999996,1.6676011545982667
2023-09-29 00:00:00+00:00,5.0346,1.6163340791219418,-0.0095999999999998,1.6710107903958855
2023-09-30 00:00:00+00:00,5.03425,1.6162645577763777,-0.00035,1.6721723071137924
2023-10-02 00:00:00+00:00,5.0325,1.6159168785318094,-0.0017500000000003,1.6706891614081345
2023-10-03 00:00:00+00:00,5.0637,1.6220974413808549,0.0312000000000001,1.6689814795331597
2023-10-04 00:00:00+00:00,5.1677,1.6424277152597575,0.104,1.6882620317765304
2023-10-05 00:00:00+00:00,5.1555,1.6400641059758612,-0.0121999999999999,1.6895200039474678
2023-10-06 00:00:00+00:00,5.1668,1.6422535413757235,0.0113000000000003,1.6954155886724855
2023-10-07 00:00:00+00:00,5.1452,1.6380642412224231,-0.0216000000000002,1.6950117566684515
2023-10-09 00:00:00+00:00,5.1472,1.6384528775026248,0.0019999999999997,1.6936044132649053
2023-10-10 00:00:00+00:00,5.13675,1.6364205837639874,-0.0104499999999996,1.6927067950197747
2023-10-11 00:00:00+00:00,5.05185,1.6197545128360504,-0.0849000000000002,1.6784003834589625
2023-10-12 00:00:00+00:00,5.0501,1.6194080450714097,-0.0017500000000003,1.6799392456204136
2023-10-13 00:00:00+00:00,5.0475,1.6188930712048557,-0.0025999999999992,1.671106694807468
2023-10-14 00:00:00+00:00,5.0787,1.625055323329177,0.0312000000000001,1.674654328748807
2023-10-16 00:00:00+00:00,5.08165,1.625636012002873,0.0029499999999993,1.6764234372147233
2023-10-17 00:00:00+00:00,5.039,1.6172076496984609,-0.04265,1.6711743865019109
2023-10-18 00:00:00+00:00,5.03865,1.6171381890602885,-0.00035,1.6728558059029683
2023-10-19 00:00:00+00:00,5.0598,1.6213269568265138,0.0211500000000004,1.673730153247162
2023-10-20 00:00:00+00:00,5.06485,1.6223245222571778,0.0050499999999997,1.6792717635318817
2023-10-21 00:00:00+00:00,5.03445,1.6163042848513776,-0.0304000000000002,1.6740076830834003
2023-10-23 00:00:00+00:00,5.0328,1.6159764892736828,-0.0016499999999997,1.6733024565001415
2023-10-24 00:00:00+00:00,5.01425,1.6122838588840191,-0.0185500000000002,1.6771339433867518
2023-10-25 00:00:00+00:00,4.99285,1.608006889008318,-0.0213999999999998,1.6658031228825103
2023-10-26 00:00:00+00:00,4.9962,1.6086776234876916,0.0033500000000001,1.6638276080197345
2023-10-27 00:00:00+00:00,4.98675,1.606784394968537,-0.0094500000000001,1.6616507838810346
2023-10-28 00:00:00+00:00,5.01495,1.6124234512744664,0.0282,1.6674803798279694
2023-10-30 00:00:00+00:00,5.0143,1.6122938304152976,-0.0006499999999993,1.6671613888183572
2023-10-31 00:00:00+00:00,5.0475,1.6188930712048557,0.0331999999999998,1.6784825159162624
2023-11-01 00:00:00+00:00,5.0357,1.6165525433195078,-0.0118,1.672696239472779
2023-11-02 00:00:00+00:00,4.95435,1.6002659785513895,-0.0813500000000004,1.6572123228050286
2023-11-03 00:00:00+00:00,4.95435,1.6002659785513895,0.0,1.6599960366502715
2023-11-04 00:00:00+00:00,4.90265,1.5897758752546671,-0.0516999999999994,1.6602336830772355
2023-11-06 00:00:00+00:00,4.9012,1.5894800730931544,-0.0014500000000001,1.6601253233113007
2023-11-07 00:00:00+00:00,4.88575,1.5863228049280491,-0.0154500000000004,1.6557564532288462
2023-11-08 00:00:00+00:00,4.8729,1.5836892424113227,-0.0128500000000002,1.6509732524629384
2023-11-09 00:00:00+00:00,4.9108,1.5914368613245478,0.0379000000000004,1.660030261216669
2023-11-10 00:00:00+00:00,4.93445,1.596241217839709,0.0236499999999999,1.6608114036058028
2023-11-11 00:00:00+00:00,4.90175,1.589592284213394,-0.0327000000000001,1.6557545437514414
2023-11-13 00:00:00+00:00,4.90175,1.589592284213394,0.0,1.6564092807395046
2023-11-14 00:00:00+00:00,4.90795,1.5908563393477098,0.0061999999999997,1.6587022498798991
2023-11-15 00:00:00+00:00,4.8659,1.582251693389783,-0.0420499999999997,1.6665004327875268
2023-11-16 00:00:00+00:00,4.8626,1.5815732742857955,-0.0033000000000003,1.6634297624429812
2023-11-17 00:00:00+00:00,4.8636,1.581778904440126,0.0010000000000003,1.663681749685803
2023-11-18 00:00:00+00:00,4.9064,1.5905404753296368,0.0427999999999997,1.677909314646247
2023-11-20 00:00:00+00:00,4.9064,1.5905404753296368,0.0,1.6773600775862143
2023-11-21 00:00:00+00:00,4.8548,1.579967906250069,-0.0515999999999996,1.6702658077067334
2023-11-22 00:00:00+00:00,4.9011,1.589459669718435,0.0462999999999995,1.677195621421821
2023-11-23 00:00:00+00:00,4.9072,1.5907035143778498,0.0060999999999999,1.6757798065167666
2023-11-24 00:00:00+00:00,4.9044,1.590132761376095,-0.0027999999999996,1.6767226592396969
2023-11-25 00:00:00+00:00,4.9035,1.589949235850238,-0.0008999999999996,1.6798814645082971
2023-11-27 00:00:00+00:00,4.9035,1.589949235850238,0.0,1.6797901262631398
2023-11-28 00:00:00+00:00,4.8969,1.588602351845962,-0.0066000000000006,1.6800864791675636
2023-11-29 00:00:00+00:00,4.8711,1.5833197842790414,-0.0257999999999993,1.6789471838969634
2023-11-30 00:00:00+00:00,4.906,1.5904589458362974,0.0348999999999994,1.6833572953774236
2023-12-01 00:00:00+00:00,4.921,1.5935117618838412,0.0150000000000005,1.6789546466809924
2023-12-02 00:00:00+00:00,4.88045,1.585237428728442,-0.0405500000000005,1.669945821557521
2023-12-04 00:00:00+00:00,4.88045,1.585237428728442,0.0,1.6701302966604936
2023-12-05 00:00:00+00:00,4.9449,1.5983567424232827,0.0644499999999999,1.6787382033295295
2023-12-06 00:00:00+00:00,4.9287,1.5950752615982635,-0.0161999999999995,1.6714338288902362
2023-12-07 00:00:00+00:00,4.9026,1.5897656766365795,-0.0261000000000004,1.6636665943531146
2023-12-08 00:00:00+00:00,4.91195,1.5916710116399388,0.0093500000000004,1.6676596496342249
2023-12-09 00:00:00+00:00,4.9322,1.5957851359803137,0.0202499999999998,1.6693149607694526
2023-12-11 00:00:00+00:00,4.9268,1.594689690085192,-0.0053999999999998,1.66840469019795
2023-12-12 00:00:00+00:00,4.9391,1.5971831283670852,0.0122999999999997,1.6708979498995684
2023-12-13 00:00:00+00:00,4.9663,1.6026750960547116,0.0272000000000005,1.679544030698516
2023-12-14 00:00:00+00:00,4.91995,1.5932983678509511,-0.0463500000000003,1.6779149175515402
2023-12-15 00:00:00+00:00,4.916,1.5924951917037884,-0.0039499999999996,1.6872596941378712
2023-12-16 00:00:00+00:00,4.9379,1.5969401396041198,0.0218999999999995,1.682658633954505
2023-12-18 00:00:00+00:00,4.94205,1.5977802248766304,0.00415,1.6834538803555628
2023-12-19 00:00:00+00:00,4.8976,1.588745289209011,-0.0444500000000003,1.677075999948877
2023-12-20 00:00:00+00:00,4.8668,1.5824366369311569,-0.0308000000000001,1.6759725649751087
2023-12-21 00:00:00+00:00,4.91455,1.5922001929477645,0.0477500000000006,1.6823611831060643
2023-12-22 00:00:00+00:00,4.8812,1.5853910912755471,-0.0333500000000004,1.6812914882019447
2023-12-23 00:00:00+00:00,4.861,1.5812441780633184,-0.0201999999999999,1.6777356090096227
2023-12-25 00:00:00+00:00,4.861,1.5812441780633184,0.0,1.6780531126122205
2023-12-26 00:00:00+00:00,4.861,1.5812441780633184,0.0,1.6783257117344963
2023-12-27 00:00:00+00:00,4.82135,1.5730539718341432,-0.0396499999999999,1.6722662219931717
2023-12-28 00:00:00+00:00,4.833,1.575467392862947,0.0116500000000003,1.6805485398920532
2023-12-29 00:00:00+00:00,4.85725,1.5804724341410852,0.0242499999999994,1.6818999593671835
2023-12-30 00:00:00+00:00,4.85725,1.5804724341410852,0.0,1.6791411981837392
2024-01-01 00:00:00+00:00,4.85725,1.5804724341410852,0.0,1.6792773588087218
2024-01-02 00:00:00+00:00,4.85725,1.5804724341410852,0.0,1.6791411981837392
2024-01-03 00:00:00+00:00,4.9173,1.592759599381287,0.0600500000000003,1.6826920916389023
2024-01-04 00:00:00+00:00,4.91905,1.5931154224291584,0.0017500000000003,1.6816301936803009
2024-01-05 00:00:00+00:00,4.90115,1.5894698714578324,-0.0179,1.679950428675848
2024-01-06 00:00:00+00:00,4.8759,1.5843047027951027,-0.0252500000000006,1.6743282466781826
2024-01-08 00:00:00+00:00,4.8759,1.5843047027951027,0.0,1.6742832614951697
2024-01-09 00:00:00+00:00,4.874,1.5839149552030145,-0.0019,1.6746243486293713
2024-01-10 00:00:00+00:00,4.9072,1.5907035143778498,0.0331999999999998,1.6797677564415197
2024-01-11 00:00:00+00:00,4.89295,1.5877953935750289,-0.0142499999999996,1.6807850770634822
2024-01-12 00:00:00+00:00,4.87115,1.5833300488483144,-0.0217999999999998,1.6769563641649232
2024-01-13 00:00:00+00:00,4.8544,1.579885510172076,-0.01675,1.6706853990535024
2024-01-15 00:00:00+00:00,4.8544,1.579885510172076,0.0,1.6701378255337225
2024-01-16 00:00:00+00:00,4.8635,1.581758343327358,0.0091000000000001,1.67210092590618
2024-01-17 00:00:00+00:00,4.9265,1.5946287967803925,0.0629999999999997,1.6788315036221868
2024-01-18 00:00:00+00:00,4.9355,1.5964539848758057,0.0090000000000003,1.6813007948302183
2024-01-19 00:00:00+00:00,4.9283,1.5949941010016888,-0.0072,1.679335174836273
2024-01-20 00:00:00+00:00,4.9315,1.595643201411911,0.0031999999999996,1.681591118133308
2024-01-22 00:00:00+00:00,4.9295,1.595237563032959,-0.0019999999999997,1.6806807841044662
2024-01-23 00:00:00+00:00,4.98995,1.6074258896731464,0.0604500000000003,1.6915375800373629
2024-01-24 00:00:00+00:00,4.95405,1.6002054238704944,-0.0359000000000007,1.682476455809802
2024-01-25 00:00:00+00:00,4.934,1.596150018107165,-0.0200499999999994,1.6806286335457914
2024-01-26 00:00:00+00:00,4.9171,1.5927189258272263,-0.0169000000000005,1.6739308075308197
2024-01-27 00:00:00+00:00,4.9167,1.5926375737557543,-0.0003999999999999,1.6745400247243376
2024-01-29 00:00:00+00:00,4.9162,1.592535874358744,-0.0004999999999997,1.6734244062326131
2024-01-30 00:00:00+00:00,4.9519,1.59977134131733,0.0357000000000002,1.6798292722469068
2024-01-31 00:00:00+00:00,4.9518,1.5997511468445569,-9.999999999976694e-05,1.6807310695676012
2024-02-01 00:00:00+00:00,4.9535,1.6000943974309478,0.0016999999999995,1.6773787640755096
2024-02-02 00:00:00+00:00,4.9164,1.5925765553586888,-0.0370999999999996,1.6764122146468874
2024-02-03 00:00:00+00:00,4.9697,1.6033594761136298,0.0532999999999992,1.6791617167245734
2024-02-05 00:00:00+00:00,4.96325,1.6020607680950514,-0.0064499999999991,1.6771227287898325
2024-02-06 00:00:00+00:00,4.9796,1.6053495665254938,0.0163499999999992,1.6768797149686272
2024-02-07 00:00:00+00:00,4.9641,1.6022320121837712,-0.0154999999999994,1.675156362182039
2024-02-08 00:00:00+00:00,4.9712,1.6036612596566455,0.0070999999999994,1.678351847472319
2024-02-09 00:00:00+00:00,4.9929,1.608016903278653,0.0217,1.682892814240941
2024-02-10 00:00:00+00:00,4.9523,1.5998521151305036,-0.0405999999999995,1.675377326862296
2024-02-12 00:00:00+00:00,4.9523,1.5998521151305036,0.0,1.6765824100634308
2024-02-13 00:00:00+00:00,4.9523,1.5998521151305036,0.0,1.6742176544755698
2024-02-14 00:00:00+00:00,4.9523,1.5998521151305036,0.0,1.6683047549672096
2024-02-15 00:00:00+00:00,4.97095,1.6036109687235878,0.01865,1.6742082816928188
2024-02-16 00:00:00+00:00,4.9738,1.6041841354855522,0.0028499999999995,1.6785963702108857
2024-02-17 00:00:00+00:00,4.967,1.6028160361252133,-0.0068000000000001,1.67764594268039
2024-02-19 00:00:00+00:00,4.96785,1.6029871509386378,0.0008500000000006,1.6784657166442305
2024-02-20 00:00:00+00:00,4.9574,1.6008814097509796,-0.0104500000000005,1.675572034922514
2024-02-21 00:00:00+00:00,4.9279,1.5949129338175367,-0.0294999999999996,1.6728464203471511
2024-02-22 00:00:00+00:00,4.9366,1.5966768351314864,0.0087000000000001,1.6755345940089514
2024-02-23 00:00:00+00:00,4.9641,1.6022320121837712,0.0274999999999998,1.6815520410593572
2024-02-24 00:00:00+00:00,4.9956,1.608557525006793,0.0314999999999994,1.6874613519880863
2024-02-26 00:00:00+00:00,4.99475,1.608387360797921,-0.0008499999999997,1.687152373381934
2024-02-27 00:00:00+00:00,4.98025,1.6054800905797562,-0.0144999999999999,1.687106110882955
2024-02-28 00:00:00+00:00,4.9339,1.596129750370361,-0.0463499999999994,1.6769264529824386
2024-02-29 00:00:00+00:00,4.9684,1.6030978566879015,0.0344999999999995,1.6836173106083518
2024-03-01 00:00:00+00:00,4.9713,1.6036813753217207,0.0029000000000003,1.6811518783832389
2024-03-02 00:00:00+00:00,4.9548,1.6003568036979077,-0.0165000000000006,1.6809694255086345
2024-03-04 00:00:00+00:00,4.9545,1.6002962545168171,-0.0002999999999993,1.6810923055945814
2024-03-05 00:00:00+00:00,4.9463,1.5986398223345877,-0.0082000000000004,1.680634221235738
2024-03-06 00:00:00+00:00,4.9586,1.601123442830015,0.0122999999999997,1.683256985717705
2024-03-07 00:00:00+00:00,4.945,1.5983769650746755,-0.0135999999999993,1.684417361884006
2024-03-08 00:00:00+00:00,4.9352,1.5963931989132918,-0.0098000000000002,1.6871930826107215
2024-03-09 00:00:00+00:00,4.9808,1.6055905207052068,0.0456000000000003,1.6953403414348038
2024-03-11 00:00:00+00:00,4.98195,1.6058213806595585,0.0011499999999999,1.6959366580507174
2024-03-12 00:00:00+00:00,4.9792,1.6052692355618807,-0.0027500000000006,1.6942403515157825
2024-03-13 00:00:00+00:00,4.9701,1.6034399606304646,-0.0090999999999992,1.6920919767767542
2024-03-14 00:00:00+00:00,4.971,1.6036210271125355,0.0008999999999996,1.6946500050152769
2024-03-15 00:00:00+00:00,4.9945,1.6083373069900675,0.0235000000000003,1.6929533524173777
2024-03-16 00:00:00+00:00,4.9958,1.608597559436408,0.0012999999999996,1.6936283142120274
2024-03-18 00:00:00+00:00,4.9935,1.6081370667010524,-0.0022999999999999,1.692800641194922
2024-03-19 00:00:00+00:00,5.03075,1.6155690783643406,0.0372500000000002,1.6993133507483795
2024-03-20 00:00:00+00:00,5.0315,1.615718150391251,0.00075,1.6984043769939072
2024-03-21 00:00:00+00:00,4.96715,1.6028462349847057,-0.0643500000000001,1.6924583361536223
2024-03-22 00:00:00+00:00,4.9759,1.6046062587719192,0.00875,1.687291148038944
2024-03-23 00:00:00+00:00,5.00145,1.6097278703922282,0.0255499999999999,1.6873836537789908
2024-03-25 00:00:00+00:00,5.00235,1.609907802018696,0.0008999999999996,1.6875168470129716
2024-03-26 00:00:00+00:00,4.9737,1.6041640299313922,-0.0286499999999998,1.6845453849209058
2024-03-27 00:00:00+00:00,4.9772,1.604867483919339,0.0034999999999998,1.6848329131539852
2024-03-28 00:00:00+00:00,4.99235,1.60790674078887,0.0151500000000002,1.686024809512995
2024-03-29 00:00:00+00:00,5.01525,1.6124832706200605,0.0228999999999999,1.6886575122164915
2024-03-30 00:00:00+00:00,5.01525,1.6124832706200605,0.0,1.6886575122164915
2024-04-01 00:00:00+00:00,5.01495,1.6124234512744664,-0.0003000000000001,1.6886889221821373
2024-04-02 00:00:00+00:00,5.0551,1.6203976346704354,0.0401500000000005,1.6915081018383311
2024-04-03 00:00:00+00:00,5.0663,1.6226107681443478,0.0111999999999996,1.69660411077162
2024-04-04 00:00:00+00:00,5.0406,1.6175251226167195,-0.0256999999999996,1.6979980894135809
2024-04-05 00:00:00+00:00,5.05875,1.6211194172079382,0.0181499999999994,1.701407974797042
2024-04-06 00:00:00+00:00,5.06645,1.6226403751118563,0.0076999999999998,1.70302114738172
2024-04-08 00:00:00+00:00,5.0564,1.6206547676392655,-0.0100499999999996,1.7003438623862386
2024-04-09 00:00:00+00:00,5.0254,1.614505052767119,-0.0309999999999996,1.6971905146484274
2024-04-10 00:00:00+00:00,5.0091,1.611256258240884,-0.0163000000000002,1.6936191216076613
2024-04-11 00:00:00+00:00,5.0674,1.62282786555286,0.0583,1.6943579374041415
2024-04-12 00:00:00+00:00,5.09195,1.6276608613225196,0.0245499999999996,1.6977930528358014
2024-04-13 00:00:00+00:00,5.1182,1.632802814738833,0.0262500000000001,1.6949328068116676
2024-04-15 00:00:00+00:00,5.1178,1.6327246592092894,-0.0003999999999999,1.6954651386395083
2024-04-16 00:00:00+00:00,5.18515,1.6457987708676665,0.0673500000000002,1.7063758576183308
2024-04-17 00:00:00+00:00,5.2869,1.6652320627562964,0.10175,1.725432683431258
2024-04-18 00:00:00+00:00,5.2335,1.6550802703128016,-0.0533999999999998,1.7197907457109631
2024-04-19 00:00:00+00:00,5.24255,1.656808021182887,0.0090499999999993,1.7191260504116497
2024-04-20 00:00:00+00:00,5.20205,1.6490527786680802,-0.0404999999999997,1.7126368936586625
2024-04-22 00:00:00+00:00,5.2024,1.6491200575728049,0.00035,1.712846123585077
2024-04-23 00:00:00+00:00,5.1668,1.6422535413757235,-0.0355999999999996,1.7055568560099108
2024-04-24 00:00:00+00:00,5.13215,1.635524674697255,-0.03465,1.7034162967014053
2024-04-25 00:00:00+00:00,5.1471,1.6384334492753527,0.0149499999999997,1.706045432147146
2024-04-26 00:00:00+00:00,5.1597,1.6408784382684194,0.0125999999999999,1.7110102620425018
2024-04-27 00:00:00+00:00,5.1166,1.6324901559642533,-0.0430999999999999,1.6994943152898772
2024-04-29 00:00:00+00:00,5.11665,1.632499928030801,4.999999999988347e-05,1.7008130875252312
2024-04-30 00:00:00+00:00,5.1185,1.6328614273776885,0.0018500000000001,1.7019204618934929
2024-05-01 00:00:00+00:00,5.1951,1.6477158736440778,0.0766,1.712191232308799
2024-05-02 00:00:00+00:00,5.1951,1.6477158736440778,0.0,1.7169622852634534
2024-05-03 00:00:00+00:00,5.1117,1.631532029907166,-0.0834000000000001,1.7019897460424012
2024-05-04 00:00:00+00:00,5.0725,1.6238337927178328,-0.0392000000000001,1.6973169129295789
2024-05-06 00:00:00+00:00,5.08715,1.6267177523333594,0.0146500000000004,1.6998287393115827
2024-05-07 00:00:00+00:00,5.0764,1.624602348953872,-0.0107500000000007,1.698548916995604
2024-05-08 00:00:00+00:00,5.0748,1.624287115284306,-0.0015999999999998,1.6966077768639325
2024-05-09 00:00:00+00:00,5.0898,1.627238537059607,0.0150000000000005,1.699232911550315
2024-05-10 00:00:00+00:00,5.14235,1.6375101734272903,0.0525500000000001,1.7127559436399535
2024-05-11 00:00:00+00:00,5.15805,1.6405586010918904,0.0156999999999998,1.714784827999446
2024-05-13 00:00:00+00:00,5.15265,1.6395111454402425,-0.0053999999999998,1.7137366646205343
2024-05-14 00:00:00+00:00,5.1557,1.640102898744894,0.0030499999999999,1.716322665851118
2024-05-15 00:00:00+00:00,5.1294,1.634988693278106,-0.0262999999999999,1.7132446215595434
2024-05-16 00:00:00+00:00,5.13575,1.6362258891904835,0.0063499999999994,1.7213942279008243
2024-05-17 00:00:00+00:00,5.12985,1.635076418989106,-0.0058999999999995,1.7182672049232448
2024-05-18 00:00:00+00:00,5.10445,1.630112708300283,-0.0254000000000003,1.7134879698164331
2024-05-20 00:00:00+00:00,5.10275,1.629779610092015,-0.0016999999999995,1.713430292621259
2024-05-21 00:00:00+00:00,5.1046,1.6301420939923918,0.0018499999999992,1.7126892052445182
2024-05-22 00:00:00+00:00,5.123,1.6337402049570653,0.0184000000000006,1.7157347895686577
2024-05-23 00:00:00+00:00,5.1526,1.6395014416484857,0.0295999999999994,1.718821325378819
2024-05-24 00:00:00+00:00,5.14465,1.637957339761173,-0.0079499999999992,1.7160746134209095
2024-05-25 00:00:00+00:00,5.168,1.6424857664803008,0.0233499999999997,1.7238356689379375
2024-05-27 00:00:00+00:00,5.155,1.6399671174689232,-0.0129999999999999,1.721270836791087
2024-05-28 00:00:00+00:00,5.1732,1.643491452558952,0.0181999999999993,1.7261305760731382
2024-05-29 00:00:00+00:00,5.16225,1.6413725309644462,-0.0109499999999993,1.7230915449400437
2024-05-30 00:00:00+00:00,5.2042,1.649465991887173,0.0419499999999999,1.726520258220218
2024-05-31 00:00:00+00:00,5.2042,1.649465991887173,0.0,1.72929346560826
2024-06-01 00:00:00+00:00,5.2461,1.6574849434055865,0.0419,1.7390195148973395
2024-06-03 00:00:00+00:00,5.2461,1.6574849434055865,0.0,1.7392953142120489
2024-06-04 00:00:00+00:00,5.2504,1.658304264177376,0.0042999999999997,1.7451237326120337
2024-06-05 00:00:00+00:00,5.2896,1.665742628644568,0.0392000000000001,1.750221940996823
2024-06-06 00:00:00+00:00,5.3019,1.668065246881724,0.0122999999999997,1.7519005524661675
2024-06-07 00:00:00+00:00,5.25835,1.659817289326252,-0.0435499999999997,1.7452145326477173
2024-06-08 00:00:00+00:00,5.3453,1.6762176701236375,0.0869499999999998,1.7533633493376155
2024-06-10 00:00:00+00:00,5.3238,1.67218733408721,-0.0214999999999996,1.7471560284880026
2024-06-11 00:00:00+00:00,5.35475,1.6779840174691147,0.0309499999999998,1.7515605444484172
2024-06-12 00:00:00+00:00,5.3664,1.6801572926467525,0.0116499999999994,1.751546664114248
2024-06-13 00:00:00+00:00,5.4023,1.6868247888154555,0.0359000000000007,1.7649431030686966
2024-06-14 00:00:00+00:00,5.3631,1.6795421661070156,-0.0392000000000001,1.7506995991954413
2024-06-15 00:00:00+00:00,5.37645,1.6820283050748934,0.0133499999999999,1.7500134368051332
2024-06-17 00:00:00+00:00,5.3587,1.678721408352347,-0.0177500000000003,1.7465668262124645
2024-06-18 00:00:00+00:00,5.42545,1.6911008452951752,0.0667499999999998,1.7625366105511515
2024-06-19 00:00:00+00:00,5.4417,1.6940915120498965,0.0162500000000003,1.765434316435469
2024-06-20 00:00:00+00:00,5.4238,1.6907966768019207,-0.0179,1.7628849161679698
2024-06-21 00:00:00+00:00,5.4538,1.6963126134173236,0.0300000000000002,1.764532146973571
2024-06-22 00:00:00+00:00,5.43205,1.6923165949268448,-0.0217499999999999,1.7593206403550357
2024-06-24 00:00:00+00:00,5.43085,1.6920956594483114,-0.0011999999999998,1.7585852391967465
2024-06-25 00:00:00+00:00,5.3909,1.6847123468632466,-0.0399500000000001,1.7554031830173695
2024-06-26 00:00:00+00:00,5.4522,1.6960191969472194,0.0613000000000001,1.7645646871542748
2024-06-27 00:00:00+00:00,5.5243,1.7091565425445157,0.0720999999999998,1.7748981121526433
2024-06-28 00:00:00+00:00,5.5017,1.705057135388762,-0.0226000000000006,1.7734172749801904
2024-06-29 00:00:00+00:00,5.59395,1.7216856565918068,0.0922500000000008,1.7906054702940106
2024-07-01 00:00:00+00:00,5.59275,1.7214711161098768,-0.0012000000000007,1.7923959333084816
2024-07-02 00:00:00+00:00,5.65655,1.7328141657336316,0.0638000000000005,1.803971267437858
2024-07-03 00:00:00+00:00,5.6767,1.736370077979852,0.0201500000000001,1.808551031867892
2024-07-04 00:00:00+00:00,5.55765,1.7151753570452826,-0.1190500000000005,1.791349385155074
2024-07-05 00:00:00+00:00,5.48865,1.7026823236433295,-0.0689999999999999,1.7806614466953414
2024-07-06 00:00:00+00:00,5.4601,1.6974671046074108,-0.02855,1.7780323486080545
2024-07-08 00:00:00+00:00,5.4756,1.70030185873922,0.0155000000000002,1.7797138781828536
2024-07-09 00:00:00+00:00,5.4719,1.699625905299461,-0.0037000000000002,1.7794996234973215
2024-07-10 00:00:00+00:00,5.4185,1.6898190243809128,-0.0533999999999998,1.7683065878532775
2024-07-11 00:00:00+00:00,5.4162,1.6893944625500272,-0.0022999999999999,1.7694525087055144
2024-07-12 00:00:00+00:00,5.4394,1.6936687606673608,0.0232000000000001,1.7774120352707805
2024-07-13 00:00:00+00:00,5.42915,1.6917825839393084,-0.01025,1.7786016164385965
2024-07-15 00:00:00+00:00,5.42675,1.6913404280537343,-0.0023999999999997,1.776324290727647
2024-07-16 00:00:00+00:00,5.44855,1.6953495182303586,0.0217999999999998,1.7812982745728598
2024-07-17 00:00:00+00:00,5.4259,1.6911837842843809,-0.0226499999999996,1.7775912388634467
2024-07-18 00:00:00+00:00,5.4898,1.70289182498536,0.0638999999999994,1.7927789493815207
2024-07-19 00:00:00+00:00,5.5447,1.7128425165434102,0.0548999999999999,1.7990197164015636
2024-07-20 00:00:00+00:00,5.59815,1.7224361860183046,0.0534500000000006,1.8070535824181089
2024-07-22 00:00:00+00:00,5.5778,1.718794433417273,-0.0203500000000005,1.8048796881649245
2024-07-23 00:00:00+00:00,5.5722,1.7177899490278803,-0.0056000000000002,1.8029581954288727
2024-07-24 00:00:00+00:00,5.5865,1.7203529730052556,0.0143000000000004,1.8018863521517547
2024-07-25 00:00:00+00:00,5.6551,1.7325577928776923,0.0686,1.8130316045035944
2024-07-26 00:00:00+00:00,5.6451,1.7307879122365717,-0.0099999999999997,1.8125060952616328
2024-07-27 00:00:00+00:00,5.6563,1.732769968206034,0.0111999999999996,1.8149029149992404
2024-07-29 00:00:00+00:00,5.6568,1.7328583613078938,0.0004999999999997,1.8147156156838011
2024-07-30 00:00:00+00:00,5.61635,1.7256819867189006,-0.0404499999999998,1.8043087301658332
2024-07-31 00:00:00+00:00,5.6124,1.7249784355377038,-0.0039499999999996,1.8033734319796095
2024-08-01 00:00:00+00:00,5.6581,1.7330881468129749,0.0457,1.812269362692412
2024-08-02 00:00:00+00:00,5.7521,1.7495650055249257,0.0940000000000003,1.8251362165513527
2024-08-03 00:00:00+00:00,5.72805,1.7453751586705255,-0.0240500000000007,1.832515861596536
2024-08-05 00:00:00+00:00,5.7283,1.7454188025885349,0.0002500000000003,1.8325590634974265
2024-08-06 00:00:00+00:00,5.72315,1.744519353113193,-0.0051499999999995,1.835320110230296
2024-08-07 00:00:00+00:00,5.65675,1.7328495223493,-0.0664000000000006,1.821455802464853
2024-08-08 00:00:00+00:00,5.6373,1.7294052274810794,-0.0194499999999999,1.8181482035659584
2024-08-09 00:00:00+00:00,5.5472,1.713293295948622,-0.0900999999999996,1.8007538978076314
2024-08-10 00:00:00+00:00,5.5087,1.7063286606636148,-0.0384999999999999,1.794018582176381
2024-08-12 00:00:00+00:00,5.50695,1.7060109308855769,-0.0017500000000003,1.7933348942607568
2024-08-13 00:00:00+00:00,5.49335,1.703538269789196,-0.0135999999999993,1.793013682373821
2024-08-14 00:00:00+00:00,5.4574,1.6969724858659323,-0.0359500000000005,1.7919644482184265
2024-08-15 00:00:00+00:00,5.47045,1.6993608799605735,0.0130499999999997,1.7957166293321802
2024-08-16 00:00:00+00:00,5.4863,1.7022540756721014,0.0158500000000003,1.7950606808944367
2024-08-17 00:00:00+00:00,5.47155,1.6995619400965096,-0.0147500000000002,1.7973687079925658
2024-08-19 00:00:00+00:00,5.47245,1.699726413781091,0.0009000000000005,1.7972162207092122
2024-08-20 00:00:00+00:00,5.4064,1.6875834369778884,-0.0660500000000006,1.7906355044829312
2024-08-21 00:00:00+00:00,5.4796,1.7010321055950974,0.0731999999999999,1.8078657308906672
2024-08-22 00:00:00+00:00,5.4837,1.701780055608531,0.0041000000000002,1.811083223713016
2024-08-23 00:00:00+00:00,5.5925,1.7214264143821476,0.1088000000000004,1.8272263506911264
2024-08-24 00:00:00+00:00,5.48595,1.7021902783652376,-0.1065500000000003,1.814849171828071
2024-08-26 00:00:00+00:00,5.51575,1.707607636206344,0.0297999999999998,1.8199986309003349
2024-08-27 00:00:00+00:00,5.4973,1.704257062612199,-0.0184499999999996,1.814410975787792
2024-08-28 00:00:00+00:00,5.50945,1.706464799670827,0.0121500000000001,1.8176042633307647
2024-08-29 00:00:00+00:00,5.5634,1.716209432157323,0.0539499999999995,1.8227735227572244
2024-08-30 00:00:00+00:00,5.62935,1.727993982555668,0.0659499999999999,1.8305057108631668
2024-08-31 00:00:00+00:00,5.6064,1.7239088023198803,-0.0229499999999998,1.823482594298976
2024-09-02 00:00:00+00:00,5.61165,1.7248447939375475,0.0052500000000001,1.824237953267576
2024-09-03 00:00:00+00:00,5.61665,1.725735400766808,0.0049999999999998,1.8271636136678169
