date,usd,diff,lag,eur,eurDiff
2023-09-28 00:00:00+00:00,1.618239068387169,0.011354412740785857,1.596737603855868,1.6676011545982667,0.005377262385971582
2023-09-29 00:00:00+00:00,1.6163340791219418,-0.0019049892652271971,1.596737603855868,1.6710107903958855,0.0034096357976187708
2023-09-30 00:00:00+00:00,1.6162645577763777,-6.952134556414968e-05,1.596737603855868,1.6721723071137924,0.0011615167179068742
2023-10-01 00:00:00+00:00,1.6162645577763777,0.0,1.5964337232988464,1.6721723071137924,0.0
2023-10-02 00:00:00+00:00,1.6159168785318094,-0.00034767924456824417,1.603510379269301,1.6706891614081345,-0.0014831457056578845
2023-10-03 00:00:00+00:00,1.6220974413808549,0.006180562849045446,1.6068846556463832,1.6689814795331597,-0.0017076818749748313
2023-10-04 00:00:00+00:00,1.6424277152597575,0.020330273878902627,1.618239068387169,1.6882620317765304,0.019280552243370774
2023-10-05 00:00:00+00:00,1.6400641059758612,-0.0023636092838963396,1.6163340791219418,1.6895200039474678,0.0012579721709373715
2023-10-06 00:00:00+00:00,1.6422535413757235,0.0021894353998623828,1.6162645577763777,1.6954155886724855,0.005895584725017722
2023-10-07 00:00:00+00:00,1.6380642412224231,-0.004189300153300435,1.6162645577763777,1.6950117566684515,-0.00040383200403404373
2023-10-08 00:00:00+00:00,1.6380642412224231,0.0,1.6159168785318094,1.6950117566684515,0.0
2023-10-09 00:00:00+00:00,1.6384528775026248,0.00038863628020169294,1.6220974413808549,1.6936044132649053,-0.0014073434035462018
2023-10-10 00:00:00+00:00,1.6364205837639874,-0.0020322937386374473,1.6424277152597575,1.6927067950197747,-0.0008976182451305714
2023-10-11 00:00:00+00:00,1.6197545128360504,-0.016666070927936927,1.6400641059758612,1.6784003834589625,-0.014306411560812249
2023-10-12 00:00:00+00:00,1.6194080450714097,-0.00034646776464075657,1.6422535413757235,1.6799392456204136,0.00153886216145116
2023-10-13 00:00:00+00:00,1.6188930712048557,-0.0005149738665539694,1.6380642412224231,1.671106694807468,-0.00883255081294565
2023-10-14 00:00:00+00:00,1.625055323329177,0.006162252124321199,1.6380642412224231,1.674654328748807,0.0035476339413389457
2023-10-15 00:00:00+00:00,1.625055323329177,0.0,1.6384528775026248,1.674654328748807,0.0
2023-10-16 00:00:00+00:00,1.625636012002873,0.0005806886736960948,1.6364205837639874,1.6764234372147233,0.0017691084659163803
2023-10-17 00:00:00+00:00,1.6172076496984609,-0.00842836230441213,1.6197545128360504,1.6711743865019109,-0.005249050712812453
2023-10-18 00:00:00+00:00,1.6171381890602885,-6.946063817236947e-05,1.6194080450714097,1.6728558059029683,0.0016814194010574823
2023-10-19 00:00:00+00:00,1.6213269568265138,0.004188767766225343,1.6188930712048557,1.673730153247162,0.0008743473441936711
2023-10-20 00:00:00+00:00,1.6223245222571778,0.0009975654306639825,1.625055323329177,1.6792717635318817,0.005541610284719667
2023-10-21 00:00:00+00:00,1.6163042848513776,-0.006020237405800266,1.625055323329177,1.6740076830834003,-0.0052640804484813675
2023-10-22 00:00:00+00:00,1.6163042848513776,0.0,1.625636012002873,1.6740076830834003,0.0
2023-10-23 00:00:00+00:00,1.6159764892736828,-0.0003277955776948005,1.6172076496984609,1.6733024565001415,-0.0007052265832587779
2023-10-24 00:00:00+00:00,1.6122838588840191,-0.0036926303896636092,1.6171381890602885,1.6771339433867518,0.0038314868866102803
2023-10-25 00:00:00+00:00,1.608006889008318,-0.004276969875701253,1.6213269568265138,1.6658031228825103,-0.011330820504241501
2023-10-26 00:00:00+00:00,1.6086776234876916,0.0006707344793737136,1.6223245222571778,1.6638276080197345,-0.001975514862775807
2023-10-27 00:00:00+00:00,1.606784394968537,-0.0018932285191546327,1.6163042848513776,1.6616507838810346,-0.0021768241386999065
2023-10-28 00:00:00+00:00,1.6124234512744664,0.005639056305929424,1.6163042848513776,1.6674803798279694,0.0058295959469347736
2023-10-29 00:00:00+00:00,1.6124234512744664,0.0,1.6159764892736828,1.6674803798279694,0.0
2023-10-30 00:00:00+00:00,1.6122938304152976,-0.00012962085916878863,1.6122838588840191,1.6671613888183572,-0.0003189910096121906
2023-10-31 00:00:00+00:00,1.6188930712048557,0.006599240789558092,1.608006889008318,1.6784825159162624,0.011321127097905226
2023-11-01 00:00:00+00:00,1.6165525433195078,-0.0023405278853478872,1.6086776234876916,1.672696239472779,-0.005786276443483507
2023-11-02 00:00:00+00:00,1.6002659785513895,-0.016286564768118295,1.606784394968537,1.6572123228050286,-0.015483916667750286
2023-11-03 00:00:00+00:00,1.6002659785513895,0.0,1.6124234512744664,1.6599960366502715,0.0027837138452428967
2023-11-04 00:00:00+00:00,1.5897758752546671,-0.010490103296722397,1.6124234512744664,1.6602336830772355,0.00023764642696399996
2023-11-05 00:00:00+00:00,1.5897758752546671,0.0,1.6122938304152976,1.6602336830772355,0.0
2023-11-06 00:00:00+00:00,1.5894800730931544,-0.0002958021615127038,1.6188930712048557,1.6601253233113007,-0.00010835976593481789
2023-11-07 00:00:00+00:00,1.5863228049280491,-0.003157268165105309,1.6165525433195078,1.6557564532288462,-0.004368870082454457
2023-11-08 00:00:00+00:00,1.5836892424113227,-0.0026335625167264176,1.6002659785513895,1.6509732524629384,-0.00478320076590788
2023-11-09 00:00:00+00:00,1.5914368613245478,0.007747618913225063,1.6002659785513895,1.660030261216669,0.009057008753730722
2023-11-10 00:00:00+00:00,1.596241217839709,0.004804356515161201,1.5897758752546671,1.6608114036058028,0.0007811423891337377
2023-11-11 00:00:00+00:00,1.589592284213394,-0.006648933626314912,1.5897758752546671,1.6557545437514414,-0.00505685985436144
2023-11-12 00:00:00+00:00,1.589592284213394,0.0,1.5894800730931544,1.6557545437514414,0.0
2023-11-13 00:00:00+00:00,1.589592284213394,0.0,1.5863228049280491,1.6564092807395046,0.0006547369880631759
2023-11-14 00:00:00+00:00,1.5908563393477098,0.0012640551343157114,1.5836892424113227,1.6587022498798991,0.002292969140394563
2023-11-15 00:00:00+00:00,1.582251693389783,-0.00860464595792676,1.5914368613245478,1.6665004327875268,0.007798182907627682
2023-11-16 00:00:00+00:00,1.5815732742857955,-0.000678419103987471,1.596241217839709,1.6634297624429812,-0.0030706703445455563
2023-11-17 00:00:00+00:00,1.581778904440126,0.00020563015433050502,1.589592284213394,1.663681749685803,0.00025198724282171625
2023-11-18 00:00:00+00:00,1.5905404753296368,0.008761570889510795,1.589592284213394,1.677909314646247,0.014227564960443972
2023-11-19 00:00:00+00:00,1.5905404753296368,0.0,1.589592284213394,1.677909314646247,0.0
2023-11-20 00:00:00+00:00,1.5905404753296368,0.0,1.5908563393477098,1.6773600775862143,-0.0005492370600326257
2023-11-21 00:00:00+00:00,1.579967906250069,-0.010572569079567717,1.582251693389783,1.6702658077067334,-0.007094269879480919
2023-11-22 00:00:00+00:00,1.589459669718435,0.009491763468365999,1.5815732742857955,1.677195621421821,0.006929813715087718
2023-11-23 00:00:00+00:00,1.5907035143778498,0.001243844659414739,1.581778904440126,1.6757798065167666,-0.001415814905054491
2023-11-24 00:00:00+00:00,1.590132761376095,-0.000570753001754909,1.5905404753296368,1.6767226592396969,0.0009428527229302652
2023-11-25 00:00:00+00:00,1.589949235850238,-0.00018352552585687576,1.5905404753296368,1.6798814645082971,0.00315880526860024
2023-11-26 00:00:00+00:00,1.589949235850238,0.0,1.5905404753296368,1.6798814645082971,0.0
2023-11-27 00:00:00+00:00,1.589949235850238,0.0,1.579967906250069,1.6797901262631398,-9.133824515727973e-05
2023-11-28 00:00:00+00:00,1.588602351845962,-0.0013468840042760721,1.589459669718435,1.6800864791675636,0.00029635290442375783
2023-11-29 00:00:00+00:00,1.5833197842790414,-0.005282567566920582,1.5907035143778498,1.6789471838969634,-0.0011392952706001935
2023-11-30 00:00:00+00:00,1.5904589458362974,0.007139161557256024,1.590132761376095,1.6833572953774236,0.0044101114804602215
2023-12-01 00:00:00+00:00,1.5935117618838412,0.003052816047543816,1.589949235850238,1.6789546466809924,-0.004402648696431255
2023-12-02 00:00:00+00:00,1.585237428728442,-0.00827433315539916,1.589949235850238,1.669945821557521,-0.009008825123471453
2023-12-03 00:00:00+00:00,1.585237428728442,0.0,1.589949235850238,1.669945821557521,0.0
2023-12-04 00:00:00+00:00,1.585237428728442,0.0,1.588602351845962,1.6701302966604936,0.0001844751029727032
2023-12-05 00:00:00+00:00,1.5983567424232827,0.01311931369484065,1.5833197842790414,1.6787382033295295,0.00860790666903588
2023-12-06 00:00:00+00:00,1.5950752615982635,-0.003281480825019223,1.5904589458362974,1.6714338288902362,-0.007304374439293326
2023-12-07 00:00:00+00:00,1.5897656766365795,-0.0053095849616839885,1.5935117618838412,1.6636665943531146,-0.007767234537121581
2023-12-08 00:00:00+00:00,1.5916710116399388,0.0019053350033593208,1.585237428728442,1.6676596496342249,0.003993055281110269
2023-12-09 00:00:00+00:00,1.5957851359803137,0.004114124340374836,1.585237428728442,1.6693149607694526,0.001655311135227766
2023-12-10 00:00:00+00:00,1.5957851359803137,0.0,1.585237428728442,1.6693149607694526,0.0
2023-12-11 00:00:00+00:00,1.594689690085192,-0.0010954458951217827,1.5983567424232827,1.66840469019795,-0.0009102705715027248
2023-12-12 00:00:00+00:00,1.5971831283670852,0.002493438281893301,1.5950752615982635,1.6708979498995684,0.002493259701618511
2023-12-13 00:00:00+00:00,1.6026750960547116,0.005491967687626387,1.5897656766365795,1.679544030698516,0.008646080798947686
2023-12-14 00:00:00+00:00,1.5932983678509511,-0.009376728203760454,1.5916710116399388,1.6779149175515402,-0.0016291131469758913
2023-12-15 00:00:00+00:00,1.5924951917037884,-0.000803176147162743,1.5957851359803137,1.6872596941378712,0.009344776586331038
2023-12-16 00:00:00+00:00,1.5969401396041198,0.004444947900331453,1.5957851359803137,1.682658633954505,-0.004601060183366146
2023-12-17 00:00:00+00:00,1.5969401396041198,0.0,1.594689690085192,1.682658633954505,0.0
2023-12-18 00:00:00+00:00,1.5977802248766304,0.0008400852725105601,1.5971831283670852,1.6834538803555628,0.0007952464010576588
2023-12-19 00:00:00+00:00,1.588745289209011,-0.00903493566761937,1.6026750960547116,1.677075999948877,-0.006377880406685854
2023-12-20 00:00:00+00:00,1.5824366369311569,-0.006308652277854154,1.5932983678509511,1.6759725649751087,-0.0011034349737681914
2023-12-21 00:00:00+00:00,1.5922001929477645,0.00976355601660761,1.5924951917037884,1.6823611831060643,0.006388618130955592
2023-12-22 00:00:00+00:00,1.5853910912755471,-0.006809101672217377,1.5969401396041198,1.6812914882019447,-0.001069694904119567
2023-12-23 00:00:00+00:00,1.5812441780633184,-0.004146913212228709,1.5969401396041198,1.6777356090096227,-0.003555879192322031
2023-12-24 00:00:00+00:00,1.5812441780633184,0.0,1.5977802248766304,1.6777356090096227,0.0
2023-12-25 00:00:00+00:00,1.5812441780633184,0.0,1.588745289209011,1.6780531126122205,0.00031750360259774624
2023-12-26 00:00:00+00:00,1.5812441780633184,0.0,1.5824366369311569,1.6783257117344963,0.0002725991222758406
2023-12-27 00:00:00+00:00,1.5730539718341432,-0.008190206229175212,1.5922001929477645,1.6722662219931717,-0.006059489741324642
2023-12-28 00:00:00+00:00,1.575467392862947,0.0024134210288038194,1.5853910912755471,1.6805485398920532,0.008282317898881564
2023-12-29 00:00:00+00:00,1.5804724341410852,0.005005041278138167,1.5812441780633184,1.6818999593671835,0.0013514194751302888
2023-12-30 00:00:00+00:00,1.5804724341410852,0.0,1.5812441780633184,1.6791411981837392,-0.0027587611834443138
2023-12-31 00:00:00+00:00,1.5804724341410852,0.0,1.5812441780633184,1.6791411981837392,0.0
2024-01-01 00:00:00+00:00,1.5804724341410852,0.0,1.5812441780633184,1.6792773588087218,0.00013616062498256198
2024-01-02 00:00:00+00:00,1.5804724341410852,0.0,1.5730539718341432,1.6791411981837392,-0.00013616062498256198
2024-01-03 00:00:00+00:00,1.592759599381287,0.012287165240201903,1.575467392862947,1.6826920916389023,0.003550893455163129
2024-01-04 00:00:00+00:00,1.5931154224291584,0.00035582304787129537,1.5804724341410852,1.6816301936803009,-0.0010618979586014543
2024-01-05 00:00:00+00:00,1.5894698714578324,-0.003645550971326017,1.5804724341410852,1.679950428675848,-0.0016797650044528822
2024-01-06 00:00:00+00:00,1.5843047027951027,-0.005165168662729647,1.5804724341410852,1.6743282466781826,-0.005622181997665399
2024-01-07 00:00:00+00:00,1.5843047027951027,0.0,1.5804724341410852,1.6743282466781826,0.0
2024-01-08 00:00:00+00:00,1.5843047027951027,0.0,1.5804724341410852,1.6742832614951697,-4.4985183012880015e-05
2024-01-09 00:00:00+00:00,1.5839149552030145,-0.00038974759208820764,1.592759599381287,1.6746243486293713,0.00034108713420155645
2024-01-10 00:00:00+00:00,1.5907035143778498,0.00678855917483534,1.5931154224291584,1.6797677564415197,0.005143407812148393
2024-01-11 00:00:00+00:00,1.5877953935750289,-0.0029081208028209904,1.5894698714578324,1.6807850770634822,0.0010173206219625808
2024-01-12 00:00:00+00:00,1.5833300488483144,-0.004465344726714449,1.5843047027951027,1.6769563641649232,-0.003828712898559017
2024-01-13 00:00:00+00:00,1.579885510172076,-0.0034445386762385066,1.5843047027951027,1.6706853990535024,-0.006270965111420779
2024-01-14 00:00:00+00:00,1.579885510172076,0.0,1.5843047027951027,1.6706853990535024,0.0
2024-01-15 00:00:00+00:00,1.579885510172076,0.0,1.5839149552030145,1.6701378255337225,-0.0005475735197799647
2024-01-16 00:00:00+00:00,1.581758343327358,0.0018728331552821942,1.5907035143778498,1.67210092590618,0.0019631003724576157
2024-01-17 00:00:00+00:00,1.5946287967803925,0.012870453453034392,1.5877953935750289,1.6788315036221868,0.006730577716006714
2024-01-18 00:00:00+00:00,1.5964539848758057,0.0018251880954132105,1.5833300488483144,1.6813007948302183,0.002469291208031521
2024-01-19 00:00:00+00:00,1.5949941010016888,-0.0014598838741168851,1.579885510172076,1.679335174836273,-0.001965619993945289
2024-01-20 00:00:00+00:00,1.595643201411911,0.0006491004102222586,1.579885510172076,1.681591118133308,0.0022559432970350457
2024-01-21 00:00:00+00:00,1.595643201411911,0.0,1.579885510172076,1.681591118133308,0.0
2024-01-22 00:00:00+00:00,1.595237563032959,-0.0004056383789521334,1.581758343327358,1.6806807841044662,-0.000910334028841886
2024-01-23 00:00:00+00:00,1.6074258896731464,0.01218832664018743,1.5946287967803925,1.6915375800373629,0.010856795932896679
2024-01-24 00:00:00+00:00,1.6002054238704944,-0.00722046580265201,1.5964539848758057,1.682476455809802,-0.00906112422756089
2024-01-25 00:00:00+00:00,1.596150018107165,-0.004055405763329301,1.5949941010016888,1.6806286335457914,-0.0018478222640105901
2024-01-26 00:00:00+00:00,1.5927189258272263,-0.0034310922799387633,1.595643201411911,1.6739308075308197,-0.006697826014971708
2024-01-27 00:00:00+00:00,1.5926375737557543,-8.135207147197399e-05,1.595643201411911,1.6745400247243376,0.0006092171935179191
2024-01-28 00:00:00+00:00,1.5926375737557543,0.0,1.595237563032959,1.6745400247243376,0.0
2024-01-29 00:00:00+00:00,1.592535874358744,-0.00010169939701021313,1.6074258896731464,1.6734244062326131,-0.0011156184917244794
2024-01-30 00:00:00+00:00,1.59977134131733,0.007235466958585901,1.6002054238704944,1.6798292722469068,0.006404866014293686
2024-01-31 00:00:00+00:00,1.5997511468445569,-2.019447277312736e-05,1.596150018107165,1.6807310695676012,0.0009017973206943974
2024-02-01 00:00:00+00:00,1.6000943974309478,0.00034325058639095296,1.5927189258272263,1.6773787640755096,-0.003352305492091645
2024-02-02 00:00:00+00:00,1.5925765553586888,-0.007517842072259029,1.5926375737557543,1.6764122146468874,-0.0009665494286221765
2024-02-03 00:00:00+00:00,1.6033594761136298,0.010782920754941028,1.5926375737557543,1.6791617167245734,0.0027495020776859835
2024-02-04 00:00:00+00:00,1.6033594761136298,0.0,1.592535874358744,1.6791617167245734,0.0
2024-02-05 00:00:00+00:00,1.6020607680950514,-0.0012987080185784539,1.59977134131733,1.6771227287898325,-0.002038987934740888
2024-02-06 00:00:00+00:00,1.6053495665254938,0.0032887984304423856,1.5997511468445569,1.6768797149686272,-0.00024301382120528459
2024-02-07 00:00:00+00:00,1.6022320121837712,-0.0031175543417225615,1.6000943974309478,1.675156362182039,-0.0017233527865883058
2024-02-08 00:00:00+00:00,1.6036612596566455,0.0014292474728743176,1.5925765553586888,1.678351847472319,0.00319548529028002
2024-02-09 00:00:00+00:00,1.608016903278653,0.004355643622007577,1.6033594761136298,1.682892814240941,0.0045409667686220345
2024-02-10 00:00:00+00:00,1.5998521151305036,-0.008164788148149471,1.6033594761136298,1.675377326862296,-0.007515487378644936
2024-02-11 00:00:00+00:00,1.5998521151305036,0.0,1.6020607680950514,1.675377326862296,0.0
2024-02-12 00:00:00+00:00,1.5998521151305036,0.0,1.6053495665254938,1.6765824100634308,0.0012050832011347712
2024-02-13 00:00:00+00:00,1.5998521151305036,0.0,1.6022320121837712,1.6742176544755698,-0.0023647555878609783
2024-02-14 00:00:00+00:00,1.5998521151305036,0.0,1.6036612596566455,1.6683047549672096,-0.005912899508360159
2024-02-15 00:00:00+00:00,1.6036109687235878,0.003758853593084144,1.608016903278653,1.6742082816928188,0.005903526725609121
2024-02-16 00:00:00+00:00,1.6041841354855522,0.0005731667619643943,1.5998521151305036,1.6785963702108857,0.004388088518066935
2024-02-17 00:00:00+00:00,1.6028160361252133,-0.0013680993603388814,1.5998521151305036,1.67764594268039,-0.0009504275304956789
2024-02-18 00:00:00+00:00,1.6028160361252133,0.0,1.5998521151305036,1.67764594268039,0.0
2024-02-19 00:00:00+00:00,1.6029871509386378,0.00017111481342446666,1.5998521151305036,1.6784657166442305,0.0008197739638404755
2024-02-20 00:00:00+00:00,1.6008814097509796,-0.002105741187658161,1.5998521151305036,1.675572034922514,-0.0028936817217164457
2024-02-21 00:00:00+00:00,1.5949129338175367,-0.005968475933442852,1.6036109687235878,1.6728464203471511,-0.0027256145753629113
2024-02-22 00:00:00+00:00,1.5966768351314864,0.0017639013139496562,1.6041841354855522,1.6755345940089514,0.002688173661800297
2024-02-23 00:00:00+00:00,1.6022320121837712,0.00555517705228481,1.6028160361252133,1.6815520410593572,0.006017447050405744
2024-02-24 00:00:00+00:00,1.608557525006793,0.0063255128230217395,1.6028160361252133,1.6874613519880863,0.00590931092872915
2024-02-25 00:00:00+00:00,1.608557525006793,0.0,1.6029871509386378,1.6874613519880863,0.0
2024-02-26 00:00:00+00:00,1.608387360797921,-0.00017016420887183692,1.6008814097509796,1.687152373381934,-0.0003089786061523103
2024-02-27 00:00:00+00:00,1.6054800905797562,-0.002907270218164948,1.5949129338175367,1.687106110882955,-4.6262498978988376e-05
2024-02-28 00:00:00+00:00,1.596129750370361,-0.00935034020939507,1.5966768351314864,1.6769264529824386,-0.010179657900516448
2024-02-29 00:00:00+00:00,1.6030978566879015,0.006968106317540412,1.6022320121837712,1.6836173106083518,0.00669085762591326
2024-03-01 00:00:00+00:00,1.6036813753217207,0.0005835186338192244,1.608557525006793,1.6811518783832389,-0.0024654322251129734
2024-03-02 00:00:00+00:00,1.6003568036979077,-0.003324571623813055,1.608557525006793,1.6809694255086345,-0.00018245287460438853
2024-03-03 00:00:00+00:00,1.6003568036979077,0.0,1.608387360797921,1.6809694255086345,0.0
2024-03-04 00:00:00+00:00,1.6002962545168171,-6.0549181090552295e-05,1.6054800905797562,1.6810923055945814,0.00012288008594696365
2024-03-05 00:00:00+00:00,1.5986398223345877,-0.0016564321822294392,1.596129750370361,1.680634221235738,-0.0004580843588435357
2024-03-06 00:00:00+00:00,1.601123442830015,0.0024836204954272745,1.6030978566879015,1.683256985717705,0.002622764481967188
2024-03-07 00:00:00+00:00,1.5983769650746755,-0.002746477755339427,1.6036813753217207,1.684417361884006,0.001160376166300825
2024-03-08 00:00:00+00:00,1.5963931989132918,-0.0019837661613837376,1.6003568036979077,1.6871930826107215,0.0027757207267156137
2024-03-09 00:00:00+00:00,1.6055905207052068,0.009197321791915014,1.6003568036979077,1.6953403414348038,0.008147258824082293
2024-03-10 00:00:00+00:00,1.6055905207052068,0.0,1.6002962545168171,1.6953403414348038,0.0
2024-03-11 00:00:00+00:00,1.6058213806595585,0.00023085995435168094,1.5986398223345877,1.6959366580507174,0.000596316615913528
2024-03-12 00:00:00+00:00,1.6052692355618807,-0.0005521450976777587,1.601123442830015,1.6942403515157825,-0.0016963065349349105
2024-03-13 00:00:00+00:00,1.6034399606304646,-0.0018292749314161583,1.5983769650746755,1.6920919767767542,-0.0021483747390282915
2024-03-14 00:00:00+00:00,1.6036210271125355,0.00018106648207094622,1.5963931989132918,1.6946500050152769,0.0025580282385226916
2024-03-15 00:00:00+00:00,1.6083373069900675,0.004716279877531981,1.6055905207052068,1.6929533524173777,-0.0016966525978991953
2024-03-16 00:00:00+00:00,1.608597559436408,0.00026025244634042544,1.6055905207052068,1.6936283142120274,0.0006749617946497644
2024-03-17 00:00:00+00:00,1.608597559436408,0.0,1.6058213806595585,1.6936283142120274,0.0
2024-03-18 00:00:00+00:00,1.6081370667010524,-0.00046049273535553326,1.6052692355618807,1.692800641194922,-0.0008276730171055124
2024-03-19 00:00:00+00:00,1.6155690783643406,0.007432011663288218,1.6034399606304646,1.6993133507483795,0.0065127095534576185
2024-03-20 00:00:00+00:00,1.615718150391251,0.00014907202691039068,1.6036210271125355,1.6984043769939072,-0.0009089737544722976
2024-03-21 00:00:00+00:00,1.6028462349847057,-0.012871915406545309,1.6083373069900675,1.6924583361536223,-0.0059460408402849385
2024-03-22 00:00:00+00:00,1.6046062587719192,0.001760023787213516,1.608597559436408,1.687291148038944,-0.005167188114678201
2024-03-23 00:00:00+00:00,1.6097278703922282,0.005121611620308997,1.608597559436408,1.6873836537789908,9.250574004671108e-05
2024-03-24 00:00:00+00:00,1.6097278703922282,0.0,1.6081370667010524,1.6873836537789908,0.0
2024-03-25 00:00:00+00:00,1.609907802018696,0.00017993162646789962,1.6155690783643406,1.6875168470129716,0.0001331932339807551
2024-03-26 00:00:00+00:00,1.6041640299313922,-0.005743772087303922,1.615718150391251,1.6845453849209058,-0.0029714620920657797
2024-03-27 00:00:00+00:00,1.604867483919339,0.0007034539879469115,1.6028462349847057,1.6848329131539852,0.000287528233079426
2024-03-28 00:00:00+00:00,1.60790674078887,0.003039256869530993,1.6046062587719192,1.686024809512995,0.0011918963590098475
2024-03-29 00:00:00+00:00,1.6124832706200605,0.00457652983119039,1.6097278703922282,1.6886575122164915,0.00263270270349647
2024-03-30 00:00:00+00:00,1.6124832706200605,0.0,1.6097278703922282,1.6886575122164915,0.0
2024-03-31 00:00:00+00:00,1.6124832706200605,0.0,1.609907802018696,1.6886575122164915,0.0
2024-04-01 00:00:00+00:00,1.6124234512744664,-5.981934559406987e-05,1.6041640299313922,1.6886889221821373,3.140996564576781e-05
2024-04-02 00:00:00+00:00,1.6203976346704354,0.007974183395969003,1.604867483919339,1.6915081018383311,0.0028191796561938265
2024-04-03 00:00:00+00:00,1.6226107681443478,0.0022131334739123876,1.60790674078887,1.69660411077162,0.005096008933288987
2024-04-04 00:00:00+00:00,1.6175251226167195,-0.005085645527628246,1.6124832706200605,1.6979980894135809,0.0013939786419607803
2024-04-05 00:00:00+00:00,1.6211194172079382,0.0035942945912186275,1.6124832706200605,1.701407974797042,0.0034098853834612086
2024-04-06 00:00:00+00:00,1.6226403751118563,0.001520957903918152,1.6124832706200605,1.70302114738172,0.0016131725846779688
2024-04-07 00:00:00+00:00,1.6226403751118563,0.0,1.6124234512744664,1.70302114738172,0.0
2024-04-08 00:00:00+00:00,1.6206547676392655,-0.0019856074725908,1.6203976346704354,1.7003438623862386,-0.002677284995481477
2024-04-09 00:00:00+00:00,1.614505052767119,-0.00614971487214655,1.6226107681443478,1.6971905146484274,-0.003153347737811174
2024-04-10 00:00:00+00:00,1.611256258240884,-0.003248794526234944,1.6175251226167195,1.6936191216076613,-0.0035713930407661465
2024-04-11 00:00:00+00:00,1.62282786555286,0.01157160731197604,1.6211194172079382,1.6943579374041415,0.0007388157964802744
2024-04-12 00:00:00+00:00,1.6276608613225196,0.004832995769659565,1.6226403751118563,1.6977930528358014,0.003435115431659863
2024-04-13 00:00:00+00:00,1.632802814738833,0.005141953416313294,1.6226403751118563,1.6949328068116676,-0.002860246024133817
2024-04-14 00:00:00+00:00,1.632802814738833,0.0,1.6206547676392655,1.6949328068116676,0.0
2024-04-15 00:00:00+00:00,1.6327246592092894,-7.815552954348881e-05,1.614505052767119,1.6954651386395083,0.0005323318278407374
2024-04-16 00:00:00+00:00,1.6457987708676665,0.013074111658377019,1.611256258240884,1.7063758576183308,0.010910718978822453
2024-04-17 00:00:00+00:00,1.6652320627562964,0.019433291888629967,1.62282786555286,1.725432683431258,0.019056825812927336
2024-04-18 00:00:00+00:00,1.6550802703128016,-0.010151792443494845,1.6276608613225196,1.7197907457109631,-0.005641937720294976
2024-04-19 00:00:00+00:00,1.656808021182887,0.001727750870085476,1.632802814738833,1.7191260504116497,-0.0006646952993134558
2024-04-20 00:00:00+00:00,1.6490527786680802,-0.007755242514806859,1.632802814738833,1.7126368936586625,-0.006489156752987224
2024-04-21 00:00:00+00:00,1.6490527786680802,0.0,1.6327246592092894,1.7126368936586625,0.0
2024-04-22 00:00:00+00:00,1.6491200575728049,6.7278904724688e-05,1.6457987708676665,1.712846123585077,0.00020922992641447813
2024-04-23 00:00:00+00:00,1.6422535413757235,-0.00686651619708134,1.6652320627562964,1.7055568560099108,-0.007289267575166125
2024-04-24 00:00:00+00:00,1.635524674697255,-0.006728866678468615,1.6550802703128016,1.7034162967014053,-0.0021405593085055408
2024-04-25 00:00:00+00:00,1.6384334492753527,0.0029087745780977947,1.656808021182887,1.706045432147146,0.002629135445740838
2024-04-26 00:00:00+00:00,1.6408784382684194,0.0024449889930666657,1.6490527786680802,1.7110102620425018,0.004964829895355738
2024-04-27 00:00:00+00:00,1.6324901559642533,-0.008388282304166106,1.6490527786680802,1.6994943152898772,-0.011515946752624684
2024-04-28 00:00:00+00:00,1.6324901559642533,0.0,1.6491200575728049,1.6994943152898772,0.0
2024-04-29 00:00:00+00:00,1.632499928030801,9.772066547730773e-06,1.6422535413757235,1.7008130875252312,0.0013187722353540376
2024-04-30 00:00:00+00:00,1.6328614273776885,0.00036149934688745056,1.635524674697255,1.7019204618934929,0.0011073743682616932
2024-05-01 00:00:00+00:00,1.6477158736440778,0.01485444626638932,1.6384334492753527,1.712191232308799,0.010270770415306218
2024-05-02 00:00:00+00:00,1.6477158736440778,0.0,1.6408784382684194,1.7169622852634534,0.004771052954654298
2024-05-03 00:00:00+00:00,1.631532029907166,-0.01618384373691173,1.6324901559642533,1.7019897460424012,-0.014972539221052239
2024-05-04 00:00:00+00:00,1.6238337927178328,-0.007698237189333268,1.6324901559642533,1.6973169129295789,-0.004672833112822294
2024-05-05 00:00:00+00:00,1.6238337927178328,0.0,1.632499928030801,1.6973169129295789,0.0
2024-05-06 00:00:00+00:00,1.6267177523333594,0.0028839596155265657,1.6328614273776885,1.6998287393115827,0.0025118263820038678
2024-05-07 00:00:00+00:00,1.624602348953872,-0.002115403379487457,1.6477158736440778,1.698548916995604,-0.0012798223159786737
2024-05-08 00:00:00+00:00,1.624287115284306,-0.0003152336695659841,1.6477158736440778,1.6966077768639325,-0.0019411401316715704
2024-05-09 00:00:00+00:00,1.627238537059607,0.002951421775301055,1.631532029907166,1.699232911550315,0.002625134686382591
2024-05-10 00:00:00+00:00,1.6375101734272903,0.010271636367683357,1.6238337927178328,1.7127559436399535,0.013523032089638454
2024-05-11 00:00:00+00:00,1.6405586010918904,0.0030484276646001174,1.6238337927178328,1.714784827999446,0.0020288843594924444
2024-05-12 00:00:00+00:00,1.6405586010918904,0.0,1.6267177523333594,1.714784827999446,0.0
2024-05-13 00:00:00+00:00,1.6395111454402425,-0.0010474556516479883,1.624602348953872,1.7137366646205343,-0.0010481633789116707
2024-05-14 00:00:00+00:00,1.640102898744894,0.0005917533046515544,1.624287115284306,1.716322665851118,0.002586001230583612
2024-05-15 00:00:00+00:00,1.634988693278106,-0.005114205466788091,1.627238537059607,1.7132446215595434,-0.0030780442915745443
2024-05-16 00:00:00+00:00,1.6362258891904835,0.0012371959123775866,1.6375101734272903,1.7213942279008243,0.008149606341280924
2024-05-17 00:00:00+00:00,1.635076418989106,-0.001149470201377456,1.6405586010918904,1.7182672049232448,-0.0031270229775794967
2024-05-18 00:00:00+00:00,1.630112708300283,-0.004963710688822953,1.6405586010918904,1.7134879698164331,-0.004779235106811663
2024-05-19 00:00:00+00:00,1.630112708300283,0.0,1.6395111454402425,1.7134879698164331,0.0
2024-05-20 00:00:00+00:00,1.629779610092015,-0.0003330982082681011,1.640102898744894,1.713430292621259,-5.7677195174132834e-05
2024-05-21 00:00:00+00:00,1.6301420939923918,0.0003624839003768532,1.634988693278106,1.7126892052445182,-0.0007410873767408344
2024-05-22 00:00:00+00:00,1.6337402049570653,0.00359811096467344,1.6362258891904835,1.7157347895686577,0.003045584324139483
2024-05-23 00:00:00+00:00,1.6395014416484857,0.005761236691420368,1.635076418989106,1.718821325378819,0.0030865358101612728
2024-05-24 00:00:00+00:00,1.637957339761173,-0.0015441018873125767,1.630112708300283,1.7160746134209095,-0.0027467119579094312
2024-05-25 00:00:00+00:00,1.6424857664803008,0.004528426719127676,1.630112708300283,1.7238356689379375,0.007761055517027993
2024-05-26 00:00:00+00:00,1.6424857664803008,0.0,1.629779610092015,1.7238356689379375,0.0
2024-05-27 00:00:00+00:00,1.6399671174689232,-0.0025186490113775495,1.6301420939923918,1.721270836791087,-0.0025648321468505486
2024-05-28 00:00:00+00:00,1.643491452558952,0.0035243350900286963,1.6337402049570653,1.7261305760731382,0.004859739282051301
2024-05-29 00:00:00+00:00,1.6413725309644462,-0.0021189215945056628,1.6395014416484857,1.7230915449400437,-0.0030390311330945607
2024-05-30 00:00:00+00:00,1.649465991887173,0.00809346092272678,1.637957339761173,1.726520258220218,0.003428713280174245
2024-05-31 00:00:00+00:00,1.649465991887173,0.0,1.6424857664803008,1.72929346560826,0.002773207388041987
2024-06-01 00:00:00+00:00,1.6574849434055865,0.008018951518413475,1.6424857664803008,1.7390195148973395,0.009726049289079608
2024-06-02 00:00:00+00:00,1.6574849434055865,0.0,1.6399671174689232,1.7390195148973395,0.0
2024-06-03 00:00:00+00:00,1.6574849434055865,0.0,1.643491452558952,1.7392953142120489,0.00027579931470933516
2024-06-04 00:00:00+00:00,1.658304264177376,0.0008193207717894779,1.6413725309644462,1.7451237326120337,0.005828418399984825
2024-06-05 00:00:00+00:00,1.665742628644568,0.007438364467192038,1.649465991887173,1.750221940996823,0.005098208384789249
2024-06-06 00:00:00+00:00,1.668065246881724,0.002322618237156071,1.649465991887173,1.7519005524661675,0.0016786114693445597
2024-06-07 00:00:00+00:00,1.659817289326252,-0.00824795755547214,1.6574849434055865,1.7452145326477173,-0.006686019818450184
2024-06-08 00:00:00+00:00,1.6762176701236375,0.016400380797385594,1.6574849434055865,1.7533633493376155,0.008148816689898197
2024-06-09 00:00:00+00:00,1.6762176701236375,0.0,1.6574849434055865,1.7533633493376155,0.0
2024-06-10 00:00:00+00:00,1.67218733408721,-0.004030336036427551,1.658304264177376,1.7471560284880026,-0.006207320849612952
2024-06-11 00:00:00+00:00,1.6779840174691147,0.005796683381904755,1.665742628644568,1.7515605444484172,0.00440451596041469
2024-06-12 00:00:00+00:00,1.6801572926467525,0.002173275177637768,1.668065246881724,1.751546664114248,-1.388033416915846e-05
2024-06-13 00:00:00+00:00,1.6868247888154555,0.006667496168702991,1.659817289326252,1.7649431030686966,0.01339643895444853
2024-06-14 00:00:00+00:00,1.6795421661070156,-0.007282622708439934,1.6762176701236375,1.7506995991954413,-0.014243503873255348
2024-06-15 00:00:00+00:00,1.6820283050748934,0.00248613896787786,1.6762176701236375,1.7500134368051332,-0.0006861623903080538
2024-06-16 00:00:00+00:00,1.6820283050748934,0.0,1.67218733408721,1.7500134368051332,0.0
2024-06-17 00:00:00+00:00,1.678721408352347,-0.0033068967225464707,1.6779840174691147,1.7465668262124645,-0.0034466105926687085
2024-06-18 00:00:00+00:00,1.6911008452951752,0.012379436942828281,1.6801572926467525,1.7625366105511515,0.01596978433868701
2024-06-19 00:00:00+00:00,1.6940915120498965,0.0029906667547212606,1.6868247888154555,1.765434316435469,0.002897705884317592
2024-06-20 00:00:00+00:00,1.6907966768019207,-0.0032948352479758025,1.6795421661070156,1.7628849161679698,-0.00254940026749928
2024-06-21 00:00:00+00:00,1.6963126134173236,0.00551593661540295,1.6820283050748934,1.7645783879662194,0.001693471798249524
2024-06-22 00:00:00+00:00,1.6923165949268448,-0.003996018490478814,1.6820283050748934,1.7593206403550357,-0.005257747611183694
2024-06-23 00:00:00+00:00,1.6923165949268448,0.0,1.678721408352347,1.7593206403550357,0.0
2024-06-24 00:00:00+00:00,1.6936963368580793,0.0013797419312344683,1.6911008452951752,1.760186239388949,0.0008655990339132558
2024-06-25 00:00:00+00:00,1.6846752466183803,-0.009021090239698992,1.6940915120498965,1.7553668864746113,-0.00481935291433766
2024-06-26 00:00:00+00:00,1.6960191969472194,0.011343950328839059,1.6907966768019207,1.7645646871542748,0.009197800679663581
2024-06-27 00:00:00+00:00,1.7091565425445157,0.01313734559729629,1.6963126134173236,1.7749438762994931,0.010379189145218293
